player,team,age,pos,GP,W,L,OTL,GA,SA,SV,SV%,GAA,SO,QS,RBS,VOR,Rank,Pts,,Fantasy Team,GP Org,,
Connor Hellebuyck,WPG,32,G,62,40,19,3,143,1794,1651,0.920,2.31,6,42,6,731,1,302,1,,62,,Use the button below to reset the GP for the Goalie Projections
Andrei Vasilevskiy,TBL,31,G,60,35,21,4,151,1730,1579,0.913,2.52,4,36,10,449,2,268,2,,60,,
Linus Ullmark,OTT,32,G,46,29,12,4,112,1367,1255,0.918,2.44,3,32,6,416,3,223,3,,46,,
Jake Oettinger,DAL,27,G,58,36,16,6,147,1644,1497,0.910,2.54,3,35,10,382,4,256,4,,58,,
Igor Shesterkin,NYR,30,G,59,33,21,5,156,1719,1564,0.909,2.64,4,34,12,307,6,258,5,,59,,
Ilya Sorokin,NYI,30,G,59,29,22,8,157,1780,1623,0.912,2.67,4,37,9,318,5,261,6,,59,,
Filip Gustavsson,MIN,27,G,49,26,17,6,127,1463,1336,0.913,2.60,4,30,8,249,7,221,7,,49,,
Anthony Stolarz,TOR,32,G,41,24,13,3,105,1246,1141,0.916,2.55,3,26,5,245,8,196,8,,41,,
Sergei Bobrovsky,FLA,37,G,55,31,19,3,142,1513,1371,0.906,2.57,4,33,10,225,9,228,9,,55,,
Darcy Kuemper,LAK,35,G,50,25,18,6,129,1413,1284,0.909,2.58,4,29,8,173,10,208,10,,50,,
Juuse Saros,NSH,30,G,61,28,26,6,170,1809,1639,0.906,2.78,3,34,11,168,11,252,11,,61,,
Logan Thompson,WSH,28,G,43,27,12,5,115,1277,1162,0.910,2.67,2,26,5,142,13,197,12,,43,,
Stuart Skinner,EDM,27,G,53,30,17,5,144,1506,1362,0.904,2.72,2,30,11,113,14,220,13,,53,,
Frederik Andersen,CAR,36,G,42,26,14,2,104,1103,999,0.906,2.46,3,25,9,109,15,172,14,,42,,
Adin Hill,VEG,29,G,45,27,14,4,113,1231,1118,0.908,2.52,3,25,8,161,12,189,15,,45,,
Dustin Wolf,CGY,24,G,50,26,17,7,138,1468,1330,0.906,2.76,2,28,7,75,17,211,16,,50,,
Joey Daccord,SEA,29,G,46,22,19,6,124,1346,1222,0.908,2.69,2,28,7,52,18,191,17,,46,,
Joseph Woll,TOR,27,G,41,25,15,2,114,1249,1135,0.909,2.78,1,24,6,48,19,187,18,,41,,
Jordan Binnington,STL,32,G,57,28,23,5,165,1686,1521,0.902,2.90,3,31,11,26,20,231,19,,57,,
Thatcher Demko,VAN,30,G,45,24,16,4,123,1292,1170,0.905,2.73,3,24,9,5,23,187,20,,45,,
Jeremy Swayman,BOS,27,G,48,24,18,6,132,1384,1252,0.905,2.75,4,27,9,18,21,197,21,,48,,
Leevi Merilainen,OTT,23,G,30,18,10,3,74,824,751,0.910,2.46,4,18,7,13,22,131,22,,30,,
Jacob Markstrom,NJD,36,G,53,25,20,7,143,1418,1276,0.899,2.69,3,28,9,-35,26,194,23,,53,,
Mackenzie Blackwood,2TM,29,G,50,23,22,5,144,1510,1366,0.905,2.88,3,30,9,-27,25,206,24,,50,,
Pyotr Kochetkov,CAR,26,G,38,21,13,4,96,995,899,0.903,2.53,3,21,8,-51,27,148,25,,38,,
Cam Talbot,DET,38,G,41,21,17,4,116,1205,1090,0.904,2.82,2,24,8,-111,29,169,26,,41,,
Sam Montembeault,MTL,29,G,50,23,21,6,150,1526,1376,0.902,3.00,2,29,10,-110,28,204,27,,50,,
Laurent Brossoit,WPG,32,G,20,12,5,3,49,597,547,0.917,2.47,1,13,3,0,24,96,28,,20,,
Spencer Knight,2TM,24,G,45,22,19,5,130,1321,1190,0.901,2.89,2,24,8,-151,30,180,29,,45,,
Karel Vejmelka,UTA,29,G,49,21,22,6,148,1492,1344,0.901,3.02,2,24,10,-169,32,195,30,,49,,
Charlie Lindgren,WSH,32,G,38,20,14,4,108,1097,990,0.902,2.83,2,20,5,-184,33,153,31,,38,,
Kevin Lankinen,VAN,30,G,34,18,12,5,95,1006,911,0.905,2.80,2,20,7,-167,31,144,32,,34,,
Ilya Samsonov,VEG,28,G,34,20,9,5,94,948,854,0.901,2.75,3,19,7,-199,34,138,33,,34,,
Yaroslav Askarov,SJS,23,G,45,20,20,6,130,1291,1160,0.899,2.90,2,25,10,-217,37,168,34,,45,,
Scott Wedgewood,2TM,33,G,27,15,9,4,74,793,719,0.906,2.76,1,15,4,-214,35,116,35,,27,,
Ukko-Pekka Luukkonen,BUF,26,G,49,24,20,5,148,1416,1268,0.896,3.01,2,26,11,-232,38,186,36,,49,,
Joel Hofer,STL,25,G,26,14,9,2,71,752,682,0.906,2.71,1,16,4,-216,36,109,37,,26,,
Semyon Varlamov,NYI,37,G,24,11,9,4,66,716,650,0.908,2.74,2,14,4,-237,39,102,38,,24,,
Lukas Dostal,ANA,25,G,48,20,24,6,158,1617,1459,0.902,3.29,1,26,7,-248,40,207,39,,48,,
Jet Greaves,CBJ,24,G,35,19,13,4,93,1098,1005,0.915,2.66,3,22,5,82,16,167,40,,35,,
Jakub Dobes,MTL,24,G,25,12,8,4,68,715,647,0.905,2.72,2,14,4,-267,41,101,41,,25,,
David Rittich,LAK,33,G,29,15,12,2,79,785,707,0.900,2.71,1,16,5,-292,43,110,42,,29,,
Carter Hart,PHI,27,G,25,11,10,4,71,759,688,0.906,2.85,1,12,5,-307,44,104,43,,25,,
Calvin Pickard,EDM,33,G,22,14,8,1,60,619,558,0.903,2.74,1,13,4,-311,45,92,44,,22,,
Connor Ingram,UTA,28,G,34,14,14,5,102,1032,930,0.901,3.00,2,17,7,-353,46,135,45,,34,,
Anton Forsberg,OTT,33,G,31,14,13,2,92,909,818,0.899,2.95,3,15,8,-389,48,122,46,,31,,
Tristan Jarry,PIT,30,G,25,12,9,3,71,721,650,0.902,2.84,2,14,5,-370,47,98,47,,25,,
Joonas Korpisalo,BOS,31,G,32,15,14,3,99,982,883,0.899,3.08,1,17,6,-421,51,129,48,,32,,
Casey DeSmith,DAL,34,G,20,10,8,3,59,626,567,0.905,2.97,1,11,4,-417,50,87,49,,20,,
Alex Lyon,DET,33,G,20,11,7,2,58,597,539,0.903,2.90,1,11,4,-422,52,83,50,,20,,
Samuel Ersson,PHI,26,G,39,19,15,4,113,1033,920,0.890,2.91,2,19,10,-428,53,134,51,,39,,
John Gibson,ANA,32,G,42,14,22,4,137,1367,1229,0.900,3.27,1,23,9,-401,49,165,52,,42,,
Pheonix Copley,LAK,34,G,16,10,4,2,44,443,399,0.901,2.76,1,9,4,-440,54,65,53,,16,,
Philipp Grubauer,SEA,34,G,35,15,17,3,102,946,844,0.892,2.92,1,17,9,-476,57,117,54,,35,,
Alex Nedeljkovic,PIT,30,G,32,15,12,5,101,991,890,0.898,3.17,1,16,7,-472,56,127,55,,32,,
Akira Schmid,NJD,25,G,25,12,11,3,70,752,682,0.906,2.82,1,13,5,-281,42,106,56,,25,,
Alexandar Georgiev,2TM,29,G,25,13,9,2,75,728,654,0.898,2.98,1,12,5,-477,58,98,57,,25,,
Eric Comrie,WPG,30,G,22,10,11,1,64,630,567,0.899,2.89,1,12,4,-484,59,83,58,,22,,
Antti Raanta,CAR,36,G,16,10,4,2,43,427,383,0.898,2.71,1,8,4,-470,55,63,59,,16,,
Dustin Tokarski,CAR,36,G,5,3,2,0,13,132,119,0.901,2.61,0,3,1,-532,63,19,60,,5,,
Elvis Merzlikins,CBJ,31,G,44,18,20,5,146,1354,1207,0.892,3.32,1,20,10,-506,61,162,61,,44,,
Jake Allen,NJD,35,G,30,12,16,2,94,924,830,0.898,3.14,2,15,7,-503,60,117,62,,30,,
Vi­tek Vanecek,2TM,30,G,22,11,8,2,65,639,574,0.898,2.96,1,12,5,-509,62,86,63,,22,,
Devon Levi,BUF,24,G,30,14,14,2,96,927,831,0.896,3.21,1,15,6,-541,64,118,64,,30,,
Daniel Vladar,CGY,28,G,25,12,9,4,76,722,646,0.895,3.03,1,13,5,-557,65,94,65,,25,,
Justus Annunen,2TM,25,G,19,10,9,1,57,555,498,0.897,3.01,1,10,3,-579,66,75,66,,19,,
Joel Blomqvist,PIT,24,G,35,15,19,3,116,1087,971,0.893,3.32,1,17,9,-586,67,133,67,,35,,
Daniil Tarasov,CBJ,26,G,28,11,14,3,91,871,780,0.896,3.23,1,13,7,-609,68,106,68,,28,,
Petr Mrazek,2TM,33,G,20,7,11,1,62,614,552,0.899,3.11,0,10,4,-616,69,75,69,,20,,
Nico Daws,NJD,25,G,7,3,3,0,21,205,185,0.900,2.93,0,4,2,-659,70,27,70,,7,,
Matt Tomkins,TBL,31,G,3,2,1,0,9,91,82,0.902,2.97,0,1,0,-691,74,12,71,,3,,
Jonathan Quick,NYR,40,G,20,11,7,2,64,610,546,0.895,3.19,2,9,4,-665,71,81,72,,20,,
Ville Husso,2TM,30,G,15,7,6,2,46,441,395,0.896,3.06,1,7,4,-682,73,56,73,,15,,
Jonas Johansson,TBL,30,G,18,9,6,3,57,545,488,0.896,3.16,1,8,4,-671,72,71,74,,18,,
Arvid Soderblom,CHI,26,G,30,9,18,4,103,969,866,0.894,3.43,0,14,6,-722,75,109,75,,30,,
Martin Jones,TOR,36,G,10,6,4,1,30,288,257,0.895,3.03,1,5,2,-728,76,40,76,,10,,
Ivan Prosvetov,COL,26,G,8,4,3,1,25,249,224,0.898,3.18,0,4,2,-776,78,33,77,,8,,
James Reimer,2TM,37,G,15,6,7,2,50,484,434,0.896,3.34,1,8,3,-792,79,60,78,,15,,
Ivan Fedotov,PHI,29,G,12,4,6,2,36,321,286,0.889,2.98,0,5,4,-814,80,37,79,,12,,
Devin Cooley,SJS,28,G,3,1,1,0,9,91,82,0.897,3.13,0,2,1,-838,81,12,80,,3,,
Dennis Hildeby,TOR,24,G,5,3,2,0,15,137,122,0.894,2.91,0,2,1,-772,77,18,81,,5,,
Aleksei Kolosov,PHI,24,G,25,11,13,2,84,734,650,0.885,3.37,1,11,7,-864,82,86,82,,25,,
Georgi Romanov,SJS,26,G,5,2,3,0,16,151,135,0.893,3.22,0,3,1,-921,85,18,83,,5,,
Magnus Chrona,SJS,25,G,4,2,2,0,13,123,110,0.892,3.30,0,2,1,-979,87,15,84,,4,,
Marcus Hogberg,NYI,31,G,7,3,3,1,22,202,180,0.891,3.15,0,4,2,-900,83,24,85,,7,,
Arturs Silovs,VAN,24,G,7,3,3,1,22,192,170,0.888,3.08,0,3,2,-920,84,23,86,,7,,
Cayden Primeau,MTL,26,G,13,5,5,2,45,420,374,0.892,3.50,1,6,3,-947,86,50,87,,13,,
Spencer Martin,CAR,30,G,21,9,11,2,75,632,557,0.882,3.55,1,8,7,-1033,88,71,88,,21,,