,,OWNER,Winner,,Pylons,Basteerds,Dook,Socal,Shaz,NoN,Lips,G' Stars,Dooms,Cin,3sheets,Hawt,MAX,,UPDATE,STATUS,BY,
1.1,Miro Heiskanen D | DAL,3sheets,$14,,15,24,12,21,17,25,,20,20,0,cannot bid,6,$25,,RFA matched,DONE,MW,
1.2,Cale Makar D | COL,The Pylons,$23,,15,,0,NO,17,15,3,,18,0,8,6,$18,,RFA matched,DONE,MW,
1.3,Nathan MacKinnon C | COL,New Oilers Nation,$23,,14,14,14,7,10,,5,19,16,,10,8,$19,,Added,Done,MJH,
1.4,Leon Draisaitl C | EDM,Shazam!!!,$19,,10,11,0,0,0,6,9,10,8,0,cannot bid,4,$11,,RFA decline,DONE,MW,
1.5,Elias Pettersson C | VAN,CinStars,$16,,2,,14,0,12,0,10,,18,0,cannot bid,9,$18,,RFA decline,DONE,MW,MJH FUCKED AND FIXED
1.6,Juuse Saros G | NSH,Doomsday Machine,$9,,10,10,0,0,10,10,10,,,0,cannot bid,12,$12,,RFA matched,DONE,MW,
1.7,Kyle Connor W | WPG,The Pylons,$9,,11,13,0,9,12,0,9,,7,0,8,12,$13,,added,DONE,MJH,
1.8,Tim Stutzle C | OTT,HawtSawwce,$8,,0,9,0,7,8,8,8,,6,2,5,6,$9,,added,DONE,MJH,
1.9,Dougie Hamilton D | NJ,G' Stars,$12,,7,,4,6,5,6,8,,4,2,6,4,$6,,added,DONE,MJH,
1.10,Mitchell Marner W | TOR,The Pylons,$13,,10,5,14,5,12,12,9,,6,5,4,4,$14,,RFA matched,DONE,MW,
1.11,Jason Robertson W | DAL,The Dook of Sook,$13,,0,6,0,4,:(,8,6,,,2,,6,$8,,RFA matched,DONE,MW,
1.12,Brady Tkachuk W | OTT,CinStars,$10,,6,,10,,5,6,9,,4,2,3,6,$10,,RFA matched,DONE,MW,
2.1,Zach Hyman W | EDM,3sheets,$9,,10,5,0,8,8,11,5,,6,2,5,,$11,,added,Done,MJH,
2.2,Kirill Kaprizov W | MIN,Shazam!!!,$14,,10,3,12,10,6,0,6,,,2,3,4,$12,,added,Done,MJH,
2.3,Morgan Rielly D | TOR,New Oilers Nation,$8,,2,,0,8,10,7,6,,6,2,4,4,$10,,added,Done,MJH,
2.4,MacKenzie Weegar D | CGY,The Dook of Sook,$6,,6,3,0,5,3,4,3,,3,2,,8,$8,,added,Done,MJH,
2.5,Erik Karlsson D | PIT,The Pylons,$10,,2,2,-2,4,2,4,0,,3,3,,,$4,,added,Done,MJH,
2.6,Sam Reinhart W | FLA,CinStars,$10,,6,,2,4,2,7,5,,4,2,3,,$7,,added,Done,MJH,
2.7,Jack Eichel C | LV,Shazam!!!,$7,,2,2,4,4.1,2,5,2,7,4,3,,,$7,,added,Done,MJH,
2.8,Mathew Barzal W | NYI,Doomsday Machine,$6,,13,4,5,4,8,10,8,,6,3,7,,$10,,added,Done,MJH,
2.9,Shea Theodore D | LV,New Oilers Nation,$8,,,,2,6,4,4,5,,3,2,,,$6,,added,Done,MJH,
2.10,Travis Konecny W | PHI,Basteeerds,$5,,2,,0,9,4,4,5,,,2,6,,$9,,added,Done,MJH,
2.11,Steven Stamkos W | NSH,Basteeerds,$5,,,2,0,,2,6,2,,3,3,4,,$6,,added,Done,MJH,
2.12,Aleksander Barkov C | FLA,HawtSawwce,$10,,,,2,3,Mashy,0,4,,3,4,,,$4,,added,Done,MJH,
3.1,Filip Forsberg W | NSH,CinStars,$9,,4,2,2,,4,4,5,,4,2,5,,$5,,added,Done,MJH,
3.2,Carter Verhaeghe W | FLA,CinStars,$6,,3,,washed,,lollzzz,0,0,,,2,,,$3,,added,Done,MJH,
3.3,Ryan Nugent-Hopkins W | EDM,G' Stars,$6,,,2,0,3,2,4,0,,5,3,,,$5,,added,Done,MJH,
3.4,John Tavares C | TOR,The Pylons,$4,,3,2,2,3,2,3,5,4,,0,fuck u,,$4,,added,Done,MJH,
3.5,Brady Skjei D | NSH,Doomsday Machine,$5,,,,2,2,0,5,6,,5,2,3,,$5,,added,Done,MJH,
3.6,Ondrej Palat,South Calgary Oilers,$5,,,,0,,2,0,2,,,0,,,$2,,added,Done,MJH,
3.7,Timo Meier W | NJ,Doomsday Machine,$6,,,3,2,,2,2,4,,3,2,4,,$4,,added,Done,MJH,
3.8,John Carlson D | WAS,New Oilers Nation,$6,,0,2,0,,2,3,3,3,,3,,,$3,,added,Done,MJH,
3.9,Noah Hanifin D | LV,Doomsday Machine,$5,,,2,,4,NA,3,4,,3,0,cannot bid,,$4,,RFA matched,DONE,MW,
3.10,Jacob Markstrom G | NJ,LIP's Lasers,$4,,,,,3,2,0,3,,,3,3,,$3,,RFA decline,DONE,MW,
3.11,Brent Burns D | CAR,HawtSawwce,$3,,3,5,,i dont know who he is. ,NA,4,0,,,0,cannot bid,,$5,,RFA matched,DONE,MW,
3.12,Evgeni Malkin C | PIT,Basteeerds,$4,,,3,,jeremy is a nerd,0,4,0,4,,3,,4,$4,,RFA matched,DONE,MW,
4.1,pass,,,,,,,,NA,0,3,,,2,cannot bid,4,$4,,RFA decline,DONE,MW,
4.2,Andrei Svechnikov W | CAR,3sheets,$7,,,,,,0,0,3,,,0,,,$0,,DROP,DONE,MW,
4.3,Jake Neighbours W | STL,Shazam!!!,$3,,,,,,3,0,0,,3,0,,,$3,,RFA matched,DONE,MW,
4.4,pass,,,,3,,,,3,-2,3,,,3,,,$3,,RFA matched,DONE,MW,
4.5,Ukko-Pekka Luukkonen G | BUF,South Calgary Oilers,$3,,,3,,,4,,2,,4,3,4,,$4,,RFA matched,DONE,MW,
4.6,Clayton Keller C | UTA,The Pylons,$7,,3,,,,NA,3,,,3,0,,,$3,,RFA matched,DONE,MW,
4.7,Brock Faber D | MIN,Shazam!!!,$8,,,,,,0,5,,,3,3,,,$5,,RFA matched,DONE,MW,
4.8,Trevor Zegras C | ANA,South Calgary Oilers,$4,,,3,,,3,,,,,3,,,$3,,RFA matched,DONE,MW,
4.9,pass,,,,,,,,Turd Emoji,,,4,,2,,,$4,,RFA decline,DONE,MW,
4.10,Seth Jarvis W | CAR,3sheets,$6,,,,,,na,,,,2,0,,,$2,,RFA matched,DONE,MW,
4.11,Drake Batherson W | OTT,LIP's Lasers,$4,,,,,,0,4,,,,0,3,,$4,,RFA matched,DONE,MW,
4.12,Owen Tippett W | PHI,G' Stars,$4,,,2,,,2,,,,2,3,,,$3,,RFA matched,DONE,MW,
5.1,pass,,,,,,,,2,,,,,0,,,$2,,RFA matched,DONE,MW,
5.2,pass,,,,,,,,0,4,,,,3,,,$4,,RFA matched,DONE,MW,
5.3,Gabriel Vilardi C | WPG,G' Stars,$4,,,,,,NA,,,,,,,,$0,,DROP,DONE,MW,
5.6,Thomas Harley D | DAL,Doomsday Machine,$6,,,,,,0,2,,,,,3,,$3,,RFA decline,DONE,MW,
5.10,Matias Maccelli W | UTA,CinStars,$3,,,,,,NA,,,,,,,,$0,,DROP,DONE,MW,
5.11,Yaroslav Askarov G | SJ,The Dook of Sook,$0,,,,,,,,,,,,,,$0,,,,,
5.12,pass,,,,,,,,,,,,,,,,$0,,,,,
6.0,Shane Pinto C | OTT,CinStars,$3,,,,,,,,,,,,,,$0,,,,,
6.1,Josh Norris C | OTT,CinStars,$3,,,,,,,,,,,,,,$0,,,,,
,,,,,,,,,,,,,,,,,$0,,,,,
,,,,,,,,,,,,,,,,,$0,,,,,
,,,,,,,,,,,,,,,,,$0,,,,,
6.2,Simon Edvinsson D | DET,The Dook of Sook,$2,,,,,,,,,,,,,,$0,,,,,
6.3,Logan Stankoven C | DAL,Doomsday Machine,$3,,,,,,,,,,,,,,$0,,,,,
,,,,,,,,,,,,,,,,,$0,,,,,
,,,,,,,,,,,,,,,,,$0,,,,,
6.4,Yegor Sharangovich W | CGY,The Dook of Sook,$4,,,,,,,,,,,,,,$0,,,,,
6.5,Brandt Clarke D | LA,The Pylons,$3,,,,,,,,,,,,,,$0,,,,,
6.6,Joel Farabee W | PHI,CinStars,$2,,,,,,,,,,,,,,$0,,,,,
6.7,William Eklund W | SJ,The Pylons,$3,,,,,,,,,,,,,,$0,,,,,
6.8,,,,,,,,,,,,,,,,,$0,,,,,
6.9,,,,,,,,,,,,,,,,,$0,,,,,
7.0,,,,,,,,,,,,,,,,,$0,,,,,
7.1,,,,,,,,,,,,,,,,,$0,,,,,
7.2,,,,,,,,,,,,,,,,,$0,,,,,
,,,,,,,,,,,,,,,,,$0,,,,,
,,,,,,,,,,,,,,,,,$0,,,,,
,,,,,,,,,,,,,,,,,$0,,,,,
,,,,,,,,,,,,,,,,,$0,,,,,
,,,,,,,,,,,,,,,,,$0,,,,,
,,,,,,,,,,,,,,,,,$0,,,,,
,,,,,,,,,,,,,,,,,$0,,,,,
,,,,,,,,,,,,,,,,,$0,,,,,
,,,,,,,,,,,,,,,,,$0,,,,,
,,,,,,,,,,,,,,,,,$0,,,,,
,,,,,,,,,,,,,,,,,$0,,,,,
,,,,,,,,,,,,,,,,,$0,,,,,
,,,,,,,,,,,,,,,,,$0,,,,,
,,,,,,,,,,,,,,,,,$0,,,,,
,,,,,,,,,,,,,,,,,$0,,,,,
,,,,,,,,,,,,,,,,,$0,,,,,
,,,,,,,,,,,,,,,,,$0,,,,,
,,,,,,,,,,,,,,,,,$0,,,,,
,,,,,,,,,,,,,,,,,$0,,,,,
,,,,,,,,,,,,,,,,,$0,,,,,
,,,,,,,,,,,,,,,,,$0,,,,,
,,,,,,,,,,,,,,,,,$0,,,,,
,,,,,,,,,,,,,,,,,$0,,,,,
,,,,,,,,,,,,,,,,,$0,,,,,