Pick,Player,Nominator,Winner,,MAX,Pylons,Basteerds,Dook,Socal,Shaz,NoN,Lips,G' Stars,Dooms,Cin,3sheets,Hawt,,,Post draft work -->,UPDATE,STATUS,BY,,,TIEBREAK,,,,,,,
1.1,Connor McDavid C | EDM,Doomsday Machine,$30,,$30,$9,$19,$5,$18,$19,$25,$15,$20,$30,$0,$25,$2,,,,,,,,,,RFA,,,F,4,0,229.1
1.2,Evan Bouchard D | EDM,3sheets,$15,,$15,$9,$14,$5,$9,$15,$10,$15,$14,$7,$0,$0,$2,,,,,,,,Hawt,,RFA,,,D,20,0,228.8
1.3,Quinn Hughes D | VAN,CinStars,$18,,$15,$9,$14,$6,$15,$10,$15,$15,$15,$9,,$0,$4,,,,,,,,DeGen,,RFA,,,F,13,0,226.6
1.4,Auston Matthews C | TOR,LIP's Lasers,$16,,$15,$9,$14,$6,$14,$8,$12,$15,$14,$12,$2,$0,$2,,,,,,,,3sSE,,RFA,,,W,6,0,224.3
1.5,Mikko Rantanen W | COL,3sheets,$15,,$15,$9,$14,$6,$12,$6,$12,,$14,$12,$2,$15,$2,,,,,,,,G,,RFA,,,C,2,0,209
1.6,David Pastrnak W | BOS,Basteeerds,$15,,$15,$11,$15,$6,$7,$12,$12,$12,$13,$10,$2,$8,$2,,,,,,,,Pylons,,RFA,,,W,5,0,203
1.7,Lane Hutson D | MON,New Oilers Nation,$13,,$13,$5,$9,$5,$13,$10,,$9,$12,$9,$2,$8,$4,,,,,,,,Cin,,RFA,,,W,16,0,176.9
1.8,Artemi Panarin W | NYR,The Pylons,$11,,$11,$11,$8,$5,$6,$10,$8,$9,$10,$7,$2,$8,$2,,,,,,,,LIP,,RFA,,,G,2,0,163.6
1.9,Andrei Vasilevskiy G | TB,New Oilers Nation,$8,,$8,$3,$4,$2,$7,$4,$8,$5,$5,$6,$2,$3,$2,,,,,,,,Basteeerds,,RFA,,,G,2,0,158.8
1.10,Colton Parayko D | STL,New Oilers Nation,$3,,$3,$0,,$0,-$1,$0,$3,$0,$0,$2,$2,$0,$0,,,,,,,,SoCal,,RFA,,,W,3,0,157.4
1.11,Adam Fox D | NYR,South Calgary Oilers,$13,,$13,$9,$11,$5,$13,$6,$8,$8,$13,$9,$2,$6,$2,,,,,,,,Dook,,RFA,,,W,0,0,155.3
1.12,Jesper Bratt W | NJ,LIP's Lasers,$11,,$11,$9,$11,$5,$11,$4,$0,$0,$10,$8,$2,$5,$2,,,,,,,,NON,,RFA,,,D,11,0,150.9
2.1,Dylan Larkin C | DET,Basteeerds,$7,,$7,$0,$7,$5,costco,$5,$6,$4,$4,$4,$2,$4,$2,,,,,,,,Shax,,RFA,,,F,2,0,149.1
2.2,Seth Jones D | CHI,The Dook of Sook,$3,,$3,$0,$3,$3,$3,$0,$0,$2,$0,$0,$2,$0,$2,,,,,,,,,,RFA,,,F,2,0,147.6
2.3,Alex DeBrincat W | DET,The Dook of Sook,$6,,$6,$2,$4,$6,Machine learning,$4,$5,$2,$5,$0,$2,$0,$2,,,,,,,,,,RFA,,,F,4,0,144.6
2.4,Sidney Crosby C | PIT,G' Stars,$9,,$9,$7,$6,$2,$2,$6,$6,$3,$9,$6,$2,$7,$2,,,,,,,,,,RFA,,,F,2,0,142.1
2.5,Mark Scheifele C | WPG,LIP's Lasers,$9,,$9,$5,$8,$2,$4,$6,$5,$9,$3,$4,$2,$4,$2,,,,,,,,,,RFA,,,G,3,0,141.2
2.6,Roman Josi D | NSH,3sSE,$7,,$7,-$1,$6,$2,4 or 5 if i lose...but mostly 4,$4,$4,$4,$4,$4,$2,$7,$2,,,,,,,,,,RFA,,,F,7,0,139
2.7,Tage Thompson C | BUF,South Calgary Oilers,$9,,$9,$5,$7,$2,$9,$6,$6,$5,$6,$7,$2,$5,$2,,,,,,,,,,RFA,,,G,2,0,132.8
2.8,Jake Guentzel W | TB,Doomsday Machine,$10,,$10,$7,$7,$2,$4,$6,$6,$5,$9,$10,$2,$0,$2,,,,,,,,,,RFA,,,C,4,0,122.9
2.9,Frederik Andersen G | CAR,South Calgary Oilers,$5,,$5,$0,$2,$0,$5,$2,$4,$0,$0,$2,$2,$0,$2,,,,,,,,,,RFA,,,W,2,0,117.3
2.10,Charlie McAvoy D | BOS,3sheets,$5,,$5,$3,$3,$2,$0,$2,$4,$2,$0,$0,$2,$5,$2,,,,,,,,,,RFA,,,F,2,0,115.7
2.11,Thomas Chabot D | OTT,G' Stars,$5,,$5,$3,$0,$0,$0,$2,$0,$4,$5,$0,$2,$0,$2,,,,,,,,,,RFA,,,W,0,0,114.4
2.12,Jordan Kyrou W | STL,New Oilers Nation,$5,,$5,$0,$4,$2,$3,$3,$5,$5,,$2,$0,$3,$2,,,,,,,,,,RFA,,,F,2,0,112.2
3.1,pass,Dook,,,$0,$0,,,$0,,,,,,,$0,,,,,,,,,,,RFA,,,F,2,0,110.7
3.2,Sam Bennett C | FLA,SoCal,$5,,$5,$2,$2,$0,$5,$0,$0,$0,,$0,$0,$0,$0,,,,,,,,,,RFA,,,W,2,0,108.7
3.3,Adrian Kempe W | LA,Basteeerds,$7,,$7,$0,$7,$0,$0,$6,$5,$5,,$2,$0,$4,$3,,,,,,,,,,RFA,,,F,2,0,105.8
3.4,Igor Shesterkin G | NYR,New Oilers Nation,$5,,$5,$0,$4,$3,$0,$4,$5,$4,,$2,$2,$3,$3,,,,,,,,,,RFA,,,W,2,0,104.5
3.5,Ilya Sorokin G | NYI,Shazam!!!,$4,,$4,$3,$4,$0,$0,$4,$0,$3,,$2,$2,$0,$2,,,,,,,,,,RFA,,,F,2,0,101.4
3.6,pass,3sSE,,,$0,$0,,,$0,,,,,,,$0,,,,,,,,,,,RFA,,,W,0,0,100.1
3.7,Nikolaj Ehlers W | WPG,Shax,$6,,$6,$0,$4,$2,$0,$6,$0,$4,$3,$2,$0,$0,$2,,,,,,,,,,RFA,,,W,2,0,98.7
3.8,Adin Hill G | LV,G,$4,,$4,$3,$3,$0,$0,$0,$0,$0,$4,$2,$2,$3,$2,,,,,,,,,,RFA,,,D,2,0,98.5
3.9,Filip Gustavsson G | MIN,Basteeerds,$4,,$4,$3,$4,$2,$0,$0,$0,$2,$0,$2,$2,$0,$2,,,,,,,,,,RFA,,,D,2,0,96.2
3.10,Vince Dunn D | SEA,Basteeerds,$4,,$4,$3,$4,$0,$0,$3,$0,$0,$0,$2,$2,$0,$0,,,,,,,,,,RFA,,,F,2,0,95.6
3.11,Mathew Barzal W | NYI,Basteeerds,$4,,$4,$0,$4,$0,$0,$0,$0,$3,$0,$0,$0,$0,$2,,,,,,,,,,RFA,,,F,2,0,92.3
3.12,J.T. Miller C | VAN,Basteeerds,$6,,$6,$3,$6,$2,$3,$4,$0,$3,$5,$2,$0,$0,$0,,,,,,,,,,RFA,,,F,2,0,88.8
4.1,Miro Heiskanen D | DAL,LIP's Lasers,$6,,$6,$0,$5,$0,$4,$3,$0,$6,$5,,$2,$0,$2,,,,,,,,,,RFA,,,F,2,0,88.2
4.2,Noah Dobson D | NYI,New Oilers Nation,$5,,$5,$0,$5,$0,$3,$3,$0,$4,$0,$4,$2,$0,$2,,,,,,,,,,RFA,,,D,2,0,84.3
4.3,Rasmus Dahlin D | BUF,LIP's Lasers,$14,,$14,$7,$7,$0,$6,$8,$0,$14,$7,$6,$2,$0,,,,,,,,,,,RFA,,,F,3,0,82.1
4.4,Moritz Seider D | DET,Shazam!!!,$8,,$8,$2,$7,$0,zero,,$0,$5,$4,$4,$2,$0,$8,,,,,,,,,,RFA,,,W,2,0,80.3
4.5,Owen Power D | BUF,LIP's Lasers,$5,,$5,$0,$4,$0,$0,,$0,$5,$3,$4,$2,$0,$4,,,,,,,,,,RFA,,,D,2,0,77
4.6,pass,3sSE,,,$0,$0,,,$0,,,,,,,,,,,,,,,,,,RFA,,,D,3,0,74.6
4.7,Robert Thomas C | STL,Shazam!!!,$7,,$7,$0,$6,$2,$0,$7,$0,$0,$3,$4,,,$0,,,,,,,,,,RFA,,,F,2,0,71.2
4.8,Lucas Raymond W | DET,G,$7,,$7,$0,$7,$2,$0,$6,$6,$5,$7,$4,$0,,$6,,,,,,,,,,RFA,,,D,2,0,69.8
4.9,Jake Oettinger G | DAL,Shazam!!!,$5,,$5,$5,$3,$2,$0,,$0,$4,$2,$4,$3,$3,$2,,,,,,,,,,RFA,,,F,2,0,69.5
4.10,pass,Cin,,,$0,$0,,,$0,,,,,,,",",,,,,,,,,,,RFA,,,G,2,0,62.2
4.11,Alexei Protas C | WAS,G' Stars,$5,,$5,$0,,$2,$2,,$0,$4,$5,$2,$3,,$0,,,,,,,,,,RFA,,,D,3,0,61.4
4.12,Dustin Wolf G | CGY,The Dook of Sook,$4,,$4,$0,$3,,$1,,$0,$3,$2,$2,,,$4,,,,,,,,,,RFA,,,W,4,0,60.3
5.1,pass,Dook,,,$0,$0,,,$0,,,,,,,,,,,,,,,,,,RFA,,,D,2,0,56.1
5.2,Jackson LaCombe D | ANA,G' Stars,$6,,$6,$0,,$0,$6,,$0,$0,,$4,,,$5,,,,,,,,,,RFA,,,D,0,0,44.2
5.3,pass,NON,,,$0,$0,,,$0,,,,,,,,,,,,,,,,,,RFA,,,D,3,0,38.5
5.6,pass,Hawt,,,$0,$0,,,$0,,,,,,,,,,,,,,,,,,RFA,,,D,2,0,32.4
5.10,Kirill Marchenko W | CLB,New Oilers Nation,$5,,$5,$1,$3,$2,$0,no poach,$5,$4,,$4,$2,,$3,,,,,,,,,,RFA,,,D,2,0,23.2
5.11,pass,3sSE,,,$0,$0,,,$0,,,,,,,,,,,,,,,,,,RFA,,,G,3,0,0
5.12,Morgan Geekie C | BOS,LIP's Lasers,$4,,$4,$0,,$0,$0,$2,$0,$4,,$2,,,$0,,,,,,,,,,RFA,,,D,2,0,0
6.0,pass,G,,,$0,$0,,,$0,,,,,,,,,,,,,,,,,,RFA,,,C,0,0,0
6.1,pass,Pylons,,,$0,$0,,,$0,,,,,,,,,,,,,,,,,,,,,,,,
6.2,pass,Cin,,,$0,$0,,,$0,,,,,,,,,,,,,,,,,,,,,,,,
6.3,pass,LIP,,,$0,$0,,,$0,,,,,,,,,,,,,,,,,,,,,,,,
6.4,Connor McMichael C | WAS,HawtSawwce,$3,,$3,$0,$3,$0,$0,,$0,$0,,$2,$2,$2,,,,,,,,,,,,,,,,,
6.5,,,,,$2,$0,,,$0,,,,,,$2,,,,,,,,,,,,,,,,,,
6.6,,,,,$0,$0,,,$0,,,,,,,,,,,,,,,,,,,,,,,,
6.7,,,,,$0,$0,,,$0,,,,,,,,,,,,,,,,,,,,,,,,
6.8,,,,,$0,$0,,,$0,,,,,,,,,,,,,,,,,,,,,,,,
6.9,Dmitri Voronkov W | CLB,The Pylons,$2,,$2,$2,,$0,$0,,$0,$0,,$0,$2,,,,,,,,,,,,,,,,,,
7.0,,,,,$0,$0,,,$0,,,,,,,,,,,,,,,,,,,,,,,,
7.1,Pavel Dorofeyev W | LV,HawtSawwce,$4,,$4,$3,,,,$2,$0,$2,,,,,$4,,,,,,,,,,,,,,,,
7.2,pass,Basteeerds,,,$0,,,,,,,,,,,,,,,,,,,,,,,,,,,,
,Jeremy Swayman G | BOS,HawtSawwce,$4,,$4,,$2,,,$2,$0,$3,,$2,peace out,,$4,,,,,,,,,,,,,,,,
,Lukas Dostal G | ANA,LIP's Lasers,$2,,$2,,,,,,$0,,,$2,,,$0,,,,,,,,,,,,,,,,
,Barrett Hayton C | UTA,The Pylons,$2,,$2,,,,,,,,,$2,,,$0,,,,,,,,,,,,,,,,
,Joseph Woll G | TOR,HawtSawwce,$2,,$0,,,,,,,,,$0,,,,,,,,,,,,,,,,,,,
,Spencer Knight G | FLA,New Oilers Nation,$2,,$2,,,,,,,,,$2,,,$0,,,,,,,,,,,,,,,,
,Fabian Zetterlund W | SJ,HawtSawwce,$3,,$3,,,,,,$0,,,$2,,,$3,,,,,,,,,,,,,,,,