player_id,full_name,position_code,gp,cluster,silhouette,goals_per60,assists_per60,points_per60,shots_per60,avg_toi_seconds,finishing_index,points_pos_z,age_years
8470600,Ryan Suter,D,82,1,0.5137211896879594,0.1018041965952152,0.6617272778688988,0.763531474464114,3.1559300944516715,862.4878048780488,0.03225806451612903,-0.4459782503139347,0.0
8470613,Brent Burns,D,82,1,0.5137211896879594,0.5068756746609095,1.943023419533487,2.449899094194396,14.69939456516638,519.6829268292682,0.034482758620689655,-0.11687187111969757,0.0
8471677,Jack Johnson,D,41,1,0.5137211896879594,0.0,0.8038106579339088,0.8038106579339088,3.081274188746651,655.4146341463414,0.0,-0.43811748729076616,0.0
8471709,Marc-Edouard Vlasic,D,27,1,0.5137211896879594,0.1909307875894988,0.3818615751789976,0.5727923627684963,3.8186157517899755,698.3333333333334,0.05,-0.4832023156282995,0.0
8471724,Kris Letang,D,74,1,0.5137211896879594,0.33939851041764874,0.7919298576411803,1.131328368058829,6.184595078721598,1290.0405405405406,0.054878048780487805,-0.37420012642585593,0.0
8473446,Erik Johnson,D,36,2,0.5137211896879594,2.037928106425134,3.0568921596377012,5.094820266062836,37.701669968864984,98.13888888888889,0.05405405405405406,0.3993029059238883,0.0
8473507,Jeff Petry,D,44,2,0.5137211896879594,0.8801955990220048,6.161369193154034,7.041564792176039,29.046454767726157,92.95454545454545,0.030303030303030304,0.7792236507895829,0.0
8474013,Ian Cole,D,82,2,0.5137211896879594,0.37751677852348997,6.0402684563758395,6.417785234899329,24.916107382550337,116.29268292682927,0.015151515151515152,0.6574887282798892,0.0
8474090,Brendan Smith,D,32,1,0.5137211896879594,0.16454886187037207,0.8227443093518604,0.9872931712222324,4.4428192705000455,683.6875,0.037037037037037035,-0.40230959766617963,0.0
8474151,Ryan McDonagh,D,82,2,0.5137211896879594,0.8921380335790843,6.021931726658819,6.914069760237903,17.396691654792143,196.84146341463415,0.05128205128205128,0.7543421078593857,0.0
8474166,Alec Martinez,D,44,1,0.5137211896879594,0.39950284090909094,0.5593039772727273,0.9588068181818181,3.036221590909091,1024.0,0.13157894736842105,-0.4078689077453657,0.0
8474563,Drew Doughty,D,30,1,0.5137211896879594,0.35949670461354105,1.1683642899940083,1.5278609946075494,4.134212103055723,1335.2,0.08695652173913043,-0.2968140242326091,0.0
8474565,Alex Pietrangelo,D,71,0,0.5137211896879594,1.973954763536669,14.31117203564085,16.285126799177515,60.69910897875256,102.74647887323944,0.032520325203252036,2.5831691175960603,0.0
8474567,Zach Bogosian,D,81,1,0.5137211896879594,0.35240565806862123,1.0572169742058637,1.409622632274485,6.960011746855269,504.4691358024691,0.05063291139240506,-0.3198890636569992,0.0
8474568,Luke Schenn,D,76,1,0.5137211896879594,0.05410279531109107,0.32461677186654647,0.3787195671776375,4.165915238954013,875.5263157894736,0.012987012987012988,-0.5210769725594059,0.0
8474574,Tyler Myers,D,71,1,0.5137211896879594,0.26419756106510756,0.7925926831953226,1.0567902442604302,3.830864635444059,1151.5070422535211,0.06896551724137931,-0.3887467601184231,0.0
8474578,Erik Karlsson,D,82,1,0.5137211896879594,0.37362015284460803,1.426549674497594,1.8001698273422022,6.487404472120011,1292.560975609756,0.05759162303664921,-0.24367106007972505,0.0
8474590,John Carlson,D,79,0,0.5137211896879594,1.86799501867995,17.18555417185554,19.05354919053549,62.39103362391033,121.9746835443038,0.029940119760479042,3.1234460172709944,0.0
8474600,Roman Josi,D,53,1,0.5137211896879594,0.4225958340398335,1.3616976874616857,1.7842935215015192,7.0432639006638915,1446.5849056603774,0.06,-0.24676943167384,0.0
8474612,Travis Hamonic,D,59,1,0.5137211896879594,0.06481231433972455,0.38887388603834727,0.45368620037807184,4.666486632460167,941.4406779661017,0.013888888888888888,-0.5064467122743302,0.0
8474673,TJ Brodie,D,54,1,0.5137211896879594,0.6692071753880472,2.6768287015521888,3.346035876940236,7.695882516962543,199.24074074074073,0.08695652173913043,0.05801545972185782,0.0
8474716,Jared Spurgeon,D,66,1,0.5137211896879594,0.3625586280321124,1.2948522429718299,1.6574108710039424,5.541967599919432,1053.121212121212,0.06542056074766354,-0.2715314641033432,0.0
8475167,Victor Hedman,D,79,1,0.5137211896879594,0.5412936919236977,1.8403985525405722,2.38169224446427,6.531610549212619,1262.7974683544303,0.08287292817679558,-0.13018291260809944,0.0
8475171,Oliver Ekman-Larsson,D,77,1,0.5137211896879594,0.43827611395178967,2.739225712198685,3.1775018261504746,12.929145361577795,426.7012987012987,0.03389830508474576,0.025124866604784548,0.0
8475177,Calvin de Haan,D,47,0,0.5137211896879594,0.0,19.047619047619047,19.047619047619047,121.42857142857142,32.170212765957444,0.0,3.1222887086032394,0.0
8475179,Dmitry Kulikov,D,70,1,0.5137211896879594,0.19497136358097406,0.43868556805719167,0.6336569316381657,3.119541817295585,1055.1,0.0625,-0.4713241713568157,0.0
8475181,Nick Leddy,D,31,1,0.5137211896879594,0.23681094592816732,0.355216418892251,0.5920273648204183,2.4865149322457567,980.7741935483871,0.09523809523809523,-0.47944847108987426,0.0
8475188,Brayden McNabb,D,82,2,0.5137211896879594,3.372049456725365,10.116148370176095,13.48819782690146,65.41775946047208,65.09756097560975,0.05154639175257732,2.037328960230815,0.0
8475200,Dmitry Orlov,D,76,1,0.5137211896879594,0.39729252501471457,1.456739258387287,1.8540317834020013,7.747204237786934,715.3684210526316,0.05128205128205128,-0.23315952444077898,0.0
8475208,Brian Dumoulin,D,80,2,0.5137211896879594,1.957585644371941,12.398042414355627,14.35562805872757,45.02446982055465,68.9625,0.043478260869565216,2.206614007844317,0.0
8475218,Mattias Ekholm,D,65,0,0.5137211896879594,5.300179944380829,14.133813185015544,19.43399312939637,84.21397022738428,94.04615384615384,0.06293706293706294,3.1976923000743387,0.0
8475233,David Savard,D,75,2,0.5137211896879594,0.6937752938909231,9.712854114472922,10.406629408363846,33.301214106764306,69.18666666666667,0.020833333333333332,1.4359394336539044,0.0
8475279,Ben Chiarot,D,81,1,0.5137211896879594,0.15441531285185778,0.34743445391668004,0.5018497667685379,4.207817275213125,1151.2962962962963,0.03669724770642202,-0.4970472570438137,0.0
8475324,Nick Jensen,D,71,1,0.5137211896879594,0.1366880980104288,0.8201285880625727,0.9568166860730015,3.5083278489343392,1112.8450704225352,0.03896103896103896,-0.40825729587900145,0.0
8475455,Brenden Dillon,D,82,1,0.5137211896879594,0.37042753511344345,2.592992745794104,2.9634202809075476,8.890260842722641,237.03658536585365,0.041666666666666664,-0.016654637094696858,0.0
8475462,Radko Gudas,D,81,1,0.5137211896879594,0.040649029504420585,0.6097354425663086,0.6503844720707294,3.617763625893432,1093.3703703703704,0.011235955056179775,-0.46805967540695465,0.0
8475690,Chris Tanev,D,75,1,0.5137211896879594,0.13991268412120583,0.6995634206060292,0.839476104727235,2.005415139070617,1029.2133333333334,0.06976744186046512,-0.4311571270945869,0.0
8475718,Justin Holl,D,73,1,0.5137211896879594,0.12548144791648513,0.37644434374945535,0.5019257916659405,2.5723696822879454,786.013698630137,0.04878048780487805,-0.49703242025590344,0.0
8475750,Jon Merrill,D,70,1,0.5137211896879594,0.508941825121934,1.017883650243868,1.5268254753658022,11.960132890365449,202.1,0.0425531914893617,-0.2970161130205164,0.0
8475753,Justin Faulk,D,78,1,0.5137211896879594,0.14733869482472833,1.0313708637730985,1.1787095585978267,4.567499539566579,1253.0,0.03225806451612903,-0.36495335728859285,0.0
8475762,Derek Forbort,D,54,2,0.5137211896879594,0.9383552717320475,4.222598722794213,5.160953994526261,18.297927798774925,142.09259259259258,0.05128205128205128,0.41220936336683517,0.0
8475764,Cam Fowler,D,68,1,0.5137211896879594,0.5016256386437529,1.727821644217371,2.229447282861124,4.904784022294473,949.8529411764706,0.10227272727272728,-0.15989457658786135,0.0
8476312,Josh Manson,D,48,2,0.5137211896879594,0.5595275101025801,7.833385141436121,8.392912651538701,36.369288156667714,134.04166666666666,0.015384615384615385,1.0429485917949493,0.0
8476331,Dylan DeMelo,D,82,1,0.5137211896879594,0.23305496212856866,1.242959798019033,1.4760147601476017,5.826374053214217,565.1341463414634,0.04,-0.3069321777706247,0.0
8476372,Nick Seeler,D,77,1,0.5137211896879594,0.17218015145476284,0.9756875249103227,1.1478676763650857,4.706257473096851,814.6103896103896,0.036585365853658534,-0.37097236528566047,0.0
8476429,Scott Mayfield,D,66,1,0.5137211896879594,0.21510516252390055,0.4302103250478011,0.6453154875717017,3.6567877629063092,760.7272727272727,0.058823529411764705,-0.4690489230153341,0.0
8476441,Joel Edmundson,D,73,1,0.5137211896879594,0.8084134885287622,1.886298139900445,2.694711628429207,12.260937909352895,366.013698630137,0.06593406593406594,-0.06909500101099009,0.0
8476457,Adam Larsson,D,82,1,0.5137211896879594,0.26038437693738375,0.7811531308121512,1.041537507749535,4.16615003099814,1180.2439024390244,0.0625,-0.39172343781738606,0.0
8476462,Dougie Hamilton,D,64,1,0.5137211896879594,0.4439754991298629,1.5292489414473054,1.973224440577168,9.175493648683833,1140.265625,0.04838709677419355,-0.2098982477354464,0.0
8476463,Jonas Brodin,D,50,1,0.5137211896879594,0.23987206823027715,0.9594882729211086,1.1993603411513858,4.257729211087419,1200.64,0.056338028169014086,-0.3609232133305297,0.0
8476467,Jamie Oleksiak,D,82,1,0.5137211896879594,0.16772660563281852,0.5451114683066602,0.7128380739394787,2.7674889929415056,1047.0,0.06060606060606061,-0.45587142028500804,0.0
8476473,Connor Murphy,D,68,1,0.5137211896879594,0.0943952802359882,0.8023598820058997,0.8967551622418879,3.9646017699115044,1121.6911764705883,0.023809523809523808,-0.41997872032150096,0.0
8476525,Colin Miller,D,60,1,0.5137211896879594,0.3014065639651708,0.8288680509042197,1.1302746148693905,5.123911587407903,796.2666666666667,0.058823529411764705,-0.37440577369557515,0.0
8476853,Morgan Rielly,D,82,1,0.5137211896879594,0.2671784051993766,1.2977236823969718,1.5649020875963484,4.809211293588778,1150.2317073170732,0.05555555555555555,-0.28958519710600045,0.0
8476856,Mathew Dumba,D,63,1,0.5137211896879594,0.07097092163627403,0.6387382947264663,0.7097092163627403,4.04534253326762,805.1587301587301,0.017543859649122806,-0.4564820386199708,0.0
8476869,Brady Skjei,D,82,1,0.5137211896879594,0.38195070713929524,0.8784866264203791,1.2604373335596744,5.958431031373006,1149.4268292682927,0.0641025641025641,-0.3490036131268797,0.0
8476874,Olli Määttä,D,77,2,0.5137211896879594,0.8976436853260192,7.181149482608154,8.078793167934172,32.7639945143997,104.16883116883118,0.0273972602739726,0.9816459880957723,0.0
8476875,Mike Matheson,D,80,1,0.5137211896879594,0.19622271277900416,0.817594636579184,1.0138173493581883,4.872864034011937,1375.9875,0.040268456375838924,-0.3971332196775987,0.0
8476879,Cody Ceci,D,85,1,0.5137211896879594,0.1470362995864604,0.735181497932302,0.8822177975187624,3.308316740695359,1152.1764705882354,0.044444444444444446,-0.42281578823663263,0.0
8476885,Jacob Trouba,D,77,1,0.5137211896879594,0.04127588341856039,0.536586484441285,0.5778623678598455,4.581623059460202,1132.7012987012988,0.009009009009009009,-0.4822128688442246,0.0
8476891,Matt Grzelcyk,D,82,1,0.5137211896879594,0.048744160855730835,1.9010222733735023,1.949766434229233,4.581951120438697,900.670731707317,0.010638297872340425,-0.21447624095706622,0.0
8476892,Colton Parayko,D,64,1,0.5137211896879594,0.6794856670992098,0.849357083874012,1.5288427509732216,5.308481774212575,1324.53125,0.128,-0.29662242764419205,0.0
8476902,Esa Lindell,D,80,1,0.5137211896879594,0.18010986701888151,0.7564614414793025,0.9365713084981839,3.5661753669738543,1249.2375,0.050505050505050504,-0.41220832223358367,0.0
8476906,Shayne Gostisbehere,D,70,0,0.5137211896879594,3.7064274157964405,20.12060597146639,23.82703338726283,64.59773496102368,97.12857142857143,0.05737704918032787,4.0550246847842555,0.0
8476917,Adam Pelech,D,60,2,0.5137211896879594,0.0,5.488601713373022,5.488601713373022,28.488456512269494,229.56666666666666,0.0,0.4761520963387571,0.0
8476923,Damon Severson,D,70,1,0.5137211896879594,0.2837624802942722,0.8985811875985286,1.182343667892801,4.303730951129795,1087.4285714285713,0.06593406593406594,-0.36424413556393925,0.0
8476931,Jake McCabe,D,66,1,0.5137211896879594,0.09088155104513786,0.9542562859739474,1.0451378370190851,3.3626173886701003,1200.3636363636363,0.02702702702702703,-0.39102080849982473,0.0
8476958,Jaccob Slavin,D,80,1,0.5137211896879594,0.23233301064859632,0.8131655372700872,1.0454985479186836,4.259438528557599,1162.125,0.05454545454545454,-0.3909504132569881,0.0
8476967,Brett Kulak,D,82,1,0.5137211896879594,0.28071113487501675,0.7218286325357572,1.0025397674107739,5.413714744018179,1094.780487804878,0.05185185185185185,-0.3993341182938645,0.0
8476979,Erik Gustafsson,D,60,1,0.5137211896879594,0.1284681952002855,1.027745561602284,1.1562137568025692,4.303684539209563,934.0833333333334,0.029850746268656716,-0.3693435695941947,0.0
8477220,Nate Schmidt,D,80,2,0.5137211896879594,3.3600896023893965,9.40825088669031,12.768340489079707,47.04125443345155,66.9625,0.07142857142857142,1.8968437900845738,0.0
8477335,Kyle Burroughs,D,33,1,0.5137211896879594,0.0,0.793592475567639,0.793592475567639,1.587184951135278,412.3939393939394,0.0,-0.4401116367046688,0.0
8477346,MacKenzie Weegar,D,81,1,0.5137211896879594,0.7569386038687972,3.6900756938603867,4.447014297729185,17.409587888982337,469.7283950617284,0.043478260869565216,0.27287906205714973,0.0
8477365,Connor Clifton,D,73,1,0.5137211896879594,0.05834305717619603,0.8751458576429405,0.9334889148191364,3.67561260210035,845.2602739726027,0.015873015873015872,-0.41280987281549336,0.0
8477369,Carson Soucy,D,75,1,0.5137211896879594,0.20295697030344886,0.45665318318275994,0.6596101534862089,4.10987864864484,946.0133333333333,0.04938271604938271,-0.46625921946204407,0.0
8477435,Ryan Graves,D,61,1,0.5137211896879594,0.11857316952669546,0.35571950858008633,0.47429267810678183,4.624353611541123,497.72131147540983,0.02564102564102564,-0.5024252147112265,0.0
8477447,Shea Theodore,D,67,1,0.5137211896879594,0.3163563779705487,2.259688414075348,2.576044792045897,5.784802340032891,1188.910447761194,0.0546875,-0.09225366012874078,0.0
8477488,Brett Pesce,D,72,1,0.5137211896879594,0.14301226197727693,0.6673905558939591,0.810402817871236,4.7194046452501395,1048.861111111111,0.030303030303030304,-0.4368309813933214,0.0
8477495,Seth Jones,D,63,0,0.5137211896879594,4.468965517241379,13.406896551724138,17.875862068965517,64.0551724137931,115.07936507936508,0.06976744186046512,2.893612178036363,0.0
8477498,Darnell Nurse,D,76,1,0.5137211896879594,0.27505692150181077,1.5403187604101403,1.8153756819119513,10.342140248468086,861.0657894736842,0.026595744680851064,-0.2407035317179052,0.0
8477499,Rasmus Ristolainen,D,63,1,0.5137211896879594,0.2001751532591017,0.7506568247216314,0.950831977980733,5.004378831477542,1141.857142857143,0.04,-0.4094252533206273,0.0
8477504,Josh Morrissey,D,80,1,0.5137211896879594,0.7126092243305148,2.443231626276051,3.1558408506065656,8.75491332748918,884.075,0.08139534883720931,0.02089757645306129,0.0
8477506,Ryan Pulock,D,74,2,0.5137211896879594,1.8028846153846156,6.490384615384617,8.293269230769232,34.97596153846155,134.9189189189189,0.05154639175257732,1.0235024846494547,0.0
8477507,Nikita Zadorov,D,81,1,0.5137211896879594,0.5111276754339261,2.300074539452667,2.8112022148865936,13.41710148014056,347.81481481481484,0.0380952380952381,-0.046361052214383434,0.0
8477810,Joel Hanley,D,53,1,0.5137211896879594,0.2233666315071043,0.7817832102748651,1.0051498417819695,4.690699261649191,608.188679245283,0.047619047619047616,-0.3988247441125285,0.0
8477845,Trevor van Riemsdyk,D,82,1,0.5137211896879594,0.12341446691806653,2.46828933836133,2.591703805279397,9.87315735344532,355.7317073170732,0.0125,-0.089197694699414,0.0
8477851,Jordan Oesterle,D,37,1,0.5137211896879594,0.462190268327128,0.6932854024906919,1.15547567081782,4.390807549107715,842.0540540540541,0.10526315789473684,-0.369487612211672,0.0
8477932,Aaron Ekblad,D,56,0,0.5137211896879594,1.6922594797869006,16.922594797869007,18.61485427765591,59.79316828580382,113.96428571428571,0.02830188679245283,3.0378316514236334,0.0
8477938,Haydn Fleury,D,39,1,0.5137211896879594,0.0,0.7396102371448697,0.7396102371448697,4.0150270016435785,873.6410256410256,0.0,-0.45064664628399115,0.0
8477948,Travis Sanheim,D,82,1,0.5137211896879594,0.26481541078571097,0.7282423796607053,0.9930577904464162,4.601167762401729,1326.280487804878,0.05755395683453238,-0.40118459209912066,0.0
8477950,Tony DeAngelo,D,35,1,0.5137211896879594,0.3944124897288414,1.4790468364831553,1.8734593262119965,7.493837304847986,1043.142857142857,0.05263157894736842,-0.2293681042332081,0.0
8477969,Marcus Pettersson,D,78,1,0.5137211896879594,0.1578618489569059,0.986636555980662,1.144498404937568,2.7625823567458534,1169.474358974359,0.05714285714285714,-0.37162990205703794,0.0
8477971,Andreas Englund,D,35,1,0.5137211896879594,0.15312632922160782,0.30625265844321564,0.4593789876648235,2.603147596767333,671.7142857142857,0.058823529411764705,-0.5053357252098577,0.0
8477986,Brandon Montour,D,81,0,0.5137211896879594,7.16180371352785,9.151193633952253,16.312997347480106,91.90981432360742,111.70370370370371,0.07792207792207792,2.588608249094263,0.0
8478013,Jake Walman,D,65,1,0.5137211896879594,0.4490777866880514,2.1170809943865274,2.5661587810745794,10.521251002405773,863.3076923076923,0.042682926829268296,-0.09418298398279175,0.0
8478038,Devon Toews,D,76,1,0.5137211896879594,0.3668154307024515,1.247172464388335,1.6139878950907867,5.062052943693831,1291.342105263158,0.07246376811594203,-0.28000576010465217,0.0
8478055,Gustav Forsling,D,80,0,0.5137211896879594,6.639839034205233,12.072434607645876,18.71227364185111,117.70623742454728,74.55,0.05641025641025641,3.056843718447795,0.0
8478136,Jake Middleton,D,67,1,0.5137211896879594,0.3429347114228218,0.5572689060620855,0.9002036174849073,4.158083376001715,1253.44776119403,0.08247422680412371,-0.41930573027735796,0.0
8478178,Darren Raddysh,D,73,1,0.5137211896879594,0.3087787514474004,1.5953568824782356,1.9041356339256361,5.558017526053207,958.2602739726027,0.05555555555555555,-0.22338140925604832,0.0
8478396,Noah Hanifin,D,80,1,0.5137211896879594,1.133322839603337,3.286636234849677,4.419959074453014,16.433181174248386,397.0625,0.06896551724137931,0.26759904691304,0.0
8478397,Rasmus Andersson,D,81,1,0.5137211896879594,0.3799545205952621,0.6908264010822946,1.0707809216775568,5.630235168820702,1286.7037037037037,0.06748466257668712,-0.3860163820363525,0.0
8478399,Jonas Siegenthaler,D,55,1,0.5137211896879594,0.0,0.0,0.0,0.0,0.0,0.038461538461538464,-0.5949867322260293,0.0
8478407,Vince Dunn,D,62,1,0.5137211896879594,0.7047266514806378,1.7938496583143506,2.4985763097949882,8.777050113895216,906.3225806451613,0.08029197080291971,-0.10737217367049587,0.0
8478416,Erik Cernak,D,76,1,0.5137211896879594,0.16996632148814955,1.0197979289288972,1.1897642504170471,3.6259481917471903,836.078947368421,0.046875,-0.3627959572323028,0.0
8478443,Brandon Carlo,D,83,1,0.5137211896879594,0.04312926800047922,0.47442194800527143,0.5175512160057506,3.3209536360369,1005.6626506024096,0.012987012987012988,-0.4939830099329805,0.0
8478450,Parker Wotherspoon,D,55,1,0.5137211896879594,0.0709695225328234,0.4258171351969404,0.4967866577297638,3.12265899144423,922.290909090909,0.022727272727272728,-0.4980353580152277,0.0
8478454,Noah Juulsen,D,35,1,0.5137211896879594,0.0,0.0,0.0,0.0,0.0,0.0,-0.5949867322260293,0.0
8478460,Zach Werenski,D,81,1,0.5137211896879594,0.6861120318196884,1.760026516407027,2.4461385482267155,8.889625455750746,1489.8765432098764,0.07718120805369127,-0.11760576784111043,0.0
8478468,Jeremy Lauzon,D,28,1,0.5137211896879594,0.0,0.12879682301169904,0.12879682301169904,3.2199205752924764,998.25,0.0,-0.5698511357065226,0.0
8478469,Thomas Chabot,D,80,1,0.5137211896879594,0.32107182495639763,1.2842872998255905,1.6053591247819883,6.3857618519105745,1261.4,0.05027932960893855,-0.28168972469220843,0.0
8478500,Ivan Provorov,D,82,1,0.5137211896879594,0.2802927502057705,1.0410873579071476,1.321380108112918,4.004182145796721,1096.4146341463415,0.07,-0.33711020647188444,0.0
8478502,Dennis Gilbert,D,29,1,0.5137211896879594,0.0,1.9749474261680535,1.9749474261680535,2.9624211392520805,377.13793103448273,0.0,-0.20956199510429657,0.0
8478507,John Marino,D,35,2,0.5137211896879594,0.41086509929239895,5.3412462908011875,5.752111390093587,12.32595297877197,250.34285714285716,0.03333333333333333,0.5275778439477035,0.0
8478840,Will Borgen,D,84,2,0.5137211896879594,2.6642984014209588,5.3285968028419175,7.992895204262878,43.16163410301954,80.42857142857143,0.06172839506172839,0.9648824025802134,0.0
8478851,Alexandre Carrier,D,79,1,0.5137211896879594,0.1308313849955784,0.9594301566342415,1.09026154162982,3.5760578565458094,1044.9240506329113,0.036585365853658534,-0.38221460345501695,0.0
8478854,Ryan Shea,D,39,1,0.5137211896879594,0.25859282404913264,0.387889236073699,0.6464820601228316,2.45663182846676,713.9230769230769,0.10526315789473684,-0.4688212582618854,0.0
8478859,Niko Mikkola,D,76,0,0.5137211896879594,3.9130434782608696,10.434782608695652,14.347826086956522,75.65217391304348,72.63157894736842,0.05172413793103448,2.205091398746452,0.0
8478882,Vladislav Gavrikov,D,82,1,0.5137211896879594,0.1724616991309847,0.8623084956549234,1.034770194785908,3.863142060534057,1272.8170731707316,0.044642857142857144,-0.3930441260470912,0.0
8478911,Matt Roy,D,69,2,0.5137211896879594,1.6042780748663101,11.229946524064173,12.834224598930481,44.91978609625669,97.56521739130434,0.03571428571428571,1.9097015327177558,0.0
8478970,Jalen Chatfield,D,79,1,0.5137211896879594,0.31453605931251405,0.4942709503482363,0.8088070096607504,5.1224443945180855,1014.1518987341772,0.06140350877192982,-0.43714241447344976,0.0
8479026,Philippe Myers,D,36,1,0.5137211896879594,0.24374555672162224,0.36561833508243335,0.6093638918040556,5.6061478045973105,820.5277777777778,0.043478260869565216,-0.47606512717563293,0.0
8479323,Adam Fox,D,74,1,0.5137211896879594,0.3865979381443299,1.9716494845360826,2.358247422680413,5.219072164948455,1258.3783783783783,0.07407407407407407,-0.13475833277026633,0.0
8479324,Ryan Lindgren,D,72,2,0.5137211896879594,1.1465881041484194,5.159646468667888,6.306234572816308,18.05876264033761,174.43055555555554,0.06349206349206349,0.6357188401099928,0.0
8479325,Charlie McAvoy,D,50,1,0.5137211896879594,0.38343324914031834,0.8764188551778704,1.2598521043181887,5.368065487964456,1314.44,0.07142857142857142,-0.34911782468692776,0.0
8479345,Jakob Chychrun,D,74,1,0.5137211896879594,1.2591374908187893,1.6998356126053653,2.9589731034241544,11.269280542828163,772.7297297297297,0.11173184357541899,-0.01752253473579824,0.0
8479369,Andrew Peeke,D,76,2,0.5137211896879594,0.557361820715281,8.917789131444495,9.475150952159776,44.588945657222474,84.98684210526316,0.0125,1.2541549292361844,0.0
8479371,Dante Fabbro,D,68,1,0.5137211896879594,0.4264336198160018,0.8054857263191145,1.2319193461351161,4.2169546848471295,1117.3382352941176,0.10112359550561797,-0.3545690968763271,0.0
8479372,Joshua Mahura,D,64,1,0.5137211896879594,0.0,0.7009042530177823,0.7009042530177823,4.516938519447931,722.28125,0.0,-0.45820038850495054,0.0
8479378,Logan Stanley,D,63,1,0.5137211896879594,0.06803878210580029,0.8845041673754038,0.9525429494812042,3.333900323184215,839.8571428571429,0.02040816326530612,-0.4090913453228477,0.0
8479387,Keaton Middleton,D,41,1,0.5137211896879594,0.0,0.29932651534048393,0.29932651534048393,6.585183337490647,586.6829268292682,0.0,-0.5365710792521595,0.0
8479395,Dennis Cholowski,D,39,1,0.5137211896879594,0.3806569857606091,0.8881996334414212,1.26885661920203,3.806569857606091,727.4871794871794,0.1,-0.3473605309301278,0.0
8479398,Samuel Girard,D,73,1,0.5137211896879594,0.13202127009351505,0.9241488906546056,1.0561701607481204,4.180673552961311,1120.6164383561643,0.031578947368421054,-0.38886777373203063,0.0
8479402,Jake Bean,D,64,1,0.5137211896879594,0.13953758793775073,0.3488439698443768,0.48838155778212755,4.953584371790151,806.234375,0.028169014084507043,-0.49967567177491357,0.0
8479410,Mikhail Sergachev,D,77,0,0.5137211896879594,4.426229508196721,11.213114754098362,15.639344262295081,38.950819672131146,158.44155844155844,0.11363636363636363,2.4571401604614116,0.0
8479421,Jacob Moverare,D,49,1,0.5137211896879594,0.11747046922926319,0.8222932846048423,0.9397637538341055,3.524114076877896,625.4285714285714,0.03333333333333333,-0.41158529430480456,0.0
8479425,Filip Hronek,D,61,1,0.5137211896879594,0.23514657469822853,1.31682081831008,1.5519673930083084,3.903433139990594,1254.8852459016393,0.060240963855421686,-0.2921094927886548,0.0
8479442,Troy Stecher,D,66,2,0.5137211896879594,3.303762618537779,4.405016824717039,7.708779443254818,60.568981339859285,49.53030303030303,0.05454545454545454,0.9094352341909551,0.0
8479576,Vincent Desharnais,D,51,1,0.5137211896879594,0.0,0.3801879818354631,0.3801879818354631,3.5484211637976557,557.0,0.0,-0.5207904012178203,0.0
8479976,Juuso Välimäki,D,43,1,0.5137211896879594,0.1821078989301161,0.27316184839517416,0.45526974732529024,3.642157978602322,919.4651162790698,0.05,-0.5061376720650748,0.0
8479980,Nicolas Hague,D,68,2,0.5137211896879594,2.539503386004515,3.5553047404063203,6.094808126410835,37.58465011286681,104.23529411764706,0.06756756756756757,0.5944574974298371,0.0
8479982,Conor Timmins,D,68,1,0.5137211896879594,0.20230780758279637,0.8092312303311855,1.0115390379139817,4.653079574404315,785.0588235294117,0.043478260869565216,-0.3975778480144495,0.0
8479983,Mario Ferraro,D,78,1,0.5137211896879594,0.191054408049759,0.4585305793194217,0.6495849873691808,3.0186596471861926,1207.871794871795,0.06329113924050633,-0.46821570041138993,0.0
8479998,Mikey Anderson,D,77,1,0.5137211896879594,0.22660036507836595,0.6798010952350978,0.9064014603134638,3.172405111097123,1237.948051948052,0.07142857142857142,-0.4180961781083905,0.0
8480001,Urho Vaakanainen,D,51,1,0.5137211896879594,0.1641399749230594,1.1489798244614158,1.3131197993844752,3.446939473384247,860.0980392156863,0.047619047619047616,-0.3387222632173046,0.0
8480035,Henri Jokiharju,D,60,1,0.5137211896879594,0.2889786744441174,0.6742835737029407,0.9632622481470579,5.683247264067642,622.8833333333333,0.05084745762711865,-0.4069993995749894,0.0
8480036,Miro Heiskanen,D,50,1,0.5137211896879594,0.0,0.0,0.0,0.0,0.0,0.046296296296296294,-0.5949867322260293,0.0
8480043,Timothy Liljegren,D,68,1,0.5137211896879594,0.6867607783288823,1.2590614269362839,1.9458222052651661,11.674933231590996,462.52941176470586,0.058823529411764705,-0.21524598469377568,0.0
8480049,Dylan Samberg,D,60,2,0.5137211896879594,1.9913340094035221,4.646446021941551,6.6377800313450726,31.529455148889095,180.78333333333333,0.06315789473684211,0.7004222441116341,0.0
8480058,P.O Joseph,D,47,1,0.5137211896879594,0.0,0.2685231228244654,0.2685231228244654,3.759323719542516,855.7446808510638,0.0,-0.5425825757130955,0.0
8480069,Cale Makar,D,80,1,0.5137211896879594,0.9464302927799637,1.955955938411925,2.9023862311918887,7.760728400795703,1426.4125,0.12195121951219512,-0.028565856732971368,0.0
8480073,Erik Brannstrom,D,28,1,0.5137211896879594,0.0,0.0,0.0,0.0,0.0,0.09090909090909091,-0.5949867322260293,0.0
8480084,Nick DeSimone,D,20,0,0.5137211896879594,4.483188044831881,22.415940224159403,26.89912826899128,107.59651307596512,40.15,0.041666666666666664,4.654565384710945,0.0
8480145,Neal Pionk,D,69,1,0.5137211896879594,0.4333850987756871,1.2568167864494924,1.6902018852251794,5.330636714940951,1203.8695652173913,0.08130081300813008,-0.2651320694315076,0.0
8480172,Jan Rutta,D,54,1,0.5137211896879594,0.21481422547537588,0.42962845095075175,0.6444426764261276,3.9382608003818924,931.0370370370371,0.05454545454545454,-0.4692192581857201,0.0
8480192,Johnathan Kovacevic,D,81,2,0.5137211896879594,0.6142296536427231,9.82767445828357,10.441904111926293,46.68145367684695,72.35802469135803,0.013157894736842105,1.4428235375887533,0.0
8480196,Jacob Bryson,D,48,1,0.5137211896879594,0.0,0.6716954980408881,0.6716954980408881,1.9191299944025375,781.6041666666666,0.0,-0.463900680350423,0.0
8480246,Nick Perbix,D,74,1,0.5137211896879594,0.8203258516577419,1.777372678591774,2.5976985302495152,9.02358436823516,355.8243243243243,0.09090909090909091,-0.08802778239435179,0.0
8480336,Sean Walker,D,82,2,0.5137211896879594,2.7662517289073305,6.085753803596126,8.852005532503457,79.66804979253111,79.35365853658537,0.034722222222222224,1.132543763097116,0.0
8480434,Sean Durzi,D,30,1,0.5137211896879594,1.3748329196104638,2.405957609318312,3.7807905289287755,13.404620966202025,349.1333333333333,0.10256410256410256,0.14286085622957967,0.0
8480727,Zach Whitecloud,D,74,1,0.5137211896879594,0.20308863972921518,0.4569494393907341,0.6600380791199493,3.655595515125873,958.1756756756756,0.05555555555555555,-0.46617570679598186,0.0
8480796,Martin Fehérváry,D,81,1,0.5137211896879594,0.3918495297805643,1.5673981191222572,1.9592476489028212,5.956112852664576,567.1111111111111,0.06578947368421052,-0.2126259159181598,0.0
8480800,Quinn Hughes,D,68,1,0.5137211896879594,0.6144720980595056,2.304270367723146,2.9187424657826515,7.373665176714068,1378.514705882353,0.08333333333333333,-0.02537382370266541,0.0
8480803,Evan Bouchard,D,82,0,0.5137211896879594,6.411398040961711,24.271721155069333,30.683119196031036,107.61989568757156,95.86585365853658,0.059574468085106386,5.393037553134742,0.0
8480807,Mattias Samuelsson,D,62,1,0.5137211896879594,0.23098763253717458,0.5774690813429364,0.808456713880111,3.00283922298327,1005.5,0.07692307692307693,-0.4372107771333255,0.0
8480817,K'Andre Miller,D,74,1,0.5137211896879594,0.2837965674129465,0.8108473354655614,1.0946439028785078,4.459660345060588,1199.945945945946,0.06363636363636363,-0.38135935515328107,0.0
8480834,Ty Emberson,D,76,0,0.5137211896879594,5.2863436123348,29.074889867841406,34.3612334801762,163.87665198237883,17.92105263157895,0.03225806451612903,6.11084715772809,0.0
8480839,Rasmus Dahlin,D,73,1,0.5137211896879594,0.6474888646727113,1.9424665940181338,2.589955458690845,7.617516054973075,1294.7808219178082,0.085,-0.08953889670578727,0.0
8480860,Kevin Bahl,D,73,1,0.5137211896879594,0.1297780554921352,0.7354089811220995,0.8651870366142347,3.5472668501183624,1139.986301369863,0.036585365853658534,-0.4261394597722071,0.0
8480865,Noah Dobson,D,71,1,0.5137211896879594,0.40336586404329455,1.1697610057255543,1.5731268697688487,7.905970935248573,1257.0281690140846,0.05102040816326531,-0.2879800736152602,0.0
8480871,Adam Boqvist,D,35,1,0.5137211896879594,0.9288524801651292,2.322131200412823,3.250983680577953,9.288524801651292,442.9428571428571,0.1,0.039465361977302,0.0
8480873,Rasmus Sandin,D,82,1,0.5137211896879594,0.17690635020086243,1.149891276305606,1.3267976265064683,3.449673828916817,992.670731707317,0.05128205128205128,-0.3360529400479687,0.0
8480878,Nils Lundkvist,D,39,1,0.5137211896879594,0.0,0.5379557680812911,0.5379557680812911,5.594739988045427,857.9487179487179,0.0,-0.4900009195666252,0.0
8480879,Jacob Bernard-Docker,D,40,1,0.5137211896879594,0.26704250426526227,0.8011275127957868,1.068170017061049,4.272680068244196,674.05,0.0625,-0.3865259182458403,0.0
8480887,Jordan Harris,D,33,1,0.5137211896879594,0.17933645511607055,0.7173458204642822,0.8966822755803527,2.6900468267410584,608.3030303030303,0.06666666666666667,-0.41999294466083753,0.0
8480891,Michael Kesselring,D,82,1,0.5137211896879594,0.3246711416313437,1.0203950165556515,1.3450661581869952,6.9572387492430785,946.5487804878048,0.04666666666666667,-0.3324877089297769,0.0
8480950,Ilya Lyubushkin,D,80,1,0.5137211896879594,0.11296243998870376,1.4685117198531488,1.5814741598418525,5.7610844394238905,398.3625,0.0196078431372549,-0.28635104185500276,0.0
8480990,Declan Chisholm,D,66,0,0.5137211896879594,3.099440378820491,15.497201894102455,18.596642272922946,106.93069306930693,35.196969696969695,0.028985507246376812,3.034277451932723,0.0
8481006,Tyler Tucker,D,38,1,0.5137211896879594,0.3652350355089618,0.4869800473452824,0.8522150828542442,4.01758539059858,778.1578947368421,0.09090909090909091,-0.4286710268416153,0.0
8481014,Alexander Romanov,D,64,1,0.5137211896879594,0.1873024544425801,0.7492098177703204,0.9365122722129005,4.6825613610645025,1201.265625,0.04,-0.4122198435755873,0.0
8481056,Spencer Stastney,D,23,1,0.5137211896879594,0.0,0.9513742071881606,0.9513742071881606,4.756871035940804,493.5652173913044,0.0,-0.40931943351653355,0.0
8481059,Scott Perunovich,D,35,1,0.5137211896879594,0.0,0.0,0.0,0.0,0.0,0.1111111111111111,-0.5949867322260293,0.0
8481122,Simon Benoit,D,78,1,0.5137211896879594,0.05424219138453193,0.4881797224607875,0.5424219138453193,2.603625186457533,850.8846153846154,0.020833333333333332,-0.4891293201335265,0.0
8481161,Jake Christiansen,D,68,2,0.5137211896879594,0.8941877794336811,6.259314456035768,7.153502235469449,51.8628912071535,59.205882352941174,0.017241379310344827,0.8010690220049331,0.0
8481167,Brayden Pachal,D,76,2,0.5137211896879594,2.736255383835825,8.208766151507474,10.9450215353433,55.63719280466177,51.93421052631579,0.04918032786885246,1.5410104047896234,0.0
8481178,Egor Zamula,D,63,1,0.5137211896879594,0.19340281508541957,0.7736112603416783,0.9670140754270977,2.385301386053508,886.3809523809524,0.08108108108108109,-0.40626720436615726,0.0
8481524,Bowen Byram,D,82,1,0.5137211896879594,0.25293078528986673,1.1201220491408383,1.3730528344307051,3.396499116749639,1215.0243902439024,0.07446808510638298,-0.3270259142555398,0.0
8481527,Kaedan Korczak,D,40,1,0.5137211896879594,0.0,1.121215896349819,1.121215896349819,3.8121340475893857,802.7,0.0,-0.37617364566918005,0.0
8481542,Moritz Seider,D,82,1,0.5137211896879594,0.4486051184597891,2.130874312683998,2.5794794311437874,9.084253648810728,782.9146341463414,0.04938271604938271,-0.09158336640148901,0.0
8481546,Cam York,D,66,1,0.5137211896879594,0.3130366731158018,1.017369187626356,1.3304058607421578,5.08684593813178,696.9848484848485,0.06153846153846154,-0.3353487680212416,0.0
8481563,Drew Helleson,D,56,2,0.5137211896879594,1.463712136613133,3.2933523073795494,4.757064443992682,23.053466151656846,175.67857142857142,0.06349206349206349,0.3333875062490179,0.0
8481567,Henry Thrun,D,60,0,0.5137211896879594,3.5121951219512195,17.560975609756095,21.073170731707318,91.3170731707317,34.166666666666664,0.038461538461538464,3.517589218896303,0.0
8481568,Alex Vlasic,D,82,1,0.5137211896879594,0.15642482375050243,1.0167613543782656,1.173186178128768,4.027939211575437,1122.6463414634147,0.038834951456310676,-0.3660312834334122,0.0
8481581,Thomas Harley,D,78,1,0.5137211896879594,0.5698907709355706,1.2110178882380878,1.7809086591736585,6.090707614373912,1295.7948717948718,0.0935672514619883,-0.2474300111179421,0.0
8481593,Jayden Struble,D,56,1,0.5137211896879594,0.17035372057257778,0.9369454631491778,1.1072991837217556,4.003312433455578,754.7321428571429,0.0425531914893617,-0.37888958900782244,0.0
8481598,Philip Broberg,D,68,1,0.5137211896879594,0.36689300228034194,0.9630941309858977,1.3299871332662396,4.4485776526491465,1154.3676470588234,0.08247422680412371,-0.3354304856027797,0.0
8481605,Jackson LaCombe,D,75,1,0.5137211896879594,0.5534508318234228,1.1464338659199471,1.6998846977433701,5.297315104595619,1214.2,0.1044776119402985,-0.2632424011699763,0.0
8481606,Jordan Spence,D,79,1,0.5137211896879594,0.19890326947249193,1.1934196168349518,1.3923228863074435,4.2764202936585765,916.4177215189874,0.046511627906976744,-0.3232652294998323,0.0
8481607,Albert Johansson,D,61,1,0.5137211896879594,0.2054442732408834,0.4108885464817668,0.6163328197226502,3.2871083718541345,861.7868852459017,0.0625,-0.47470509238409614,0.0
8481609,Vladislav Kolyachonok,D,35,1,0.5137211896879594,0.2893658066071859,0.7234145165179648,1.0127803231251506,2.8936580660718594,710.9142857142857,0.1,-0.39733560256534606,0.0
8481708,Zac Jones,D,46,1,0.5137211896879594,0.08342409565962969,0.8342409565962969,0.9176650522559266,4.254628878641114,938.1086956521739,0.0196078431372549,-0.41589800973897045,0.0
8481806,Louis Crevier,D,32,2,0.5137211896879594,7.119314436387607,2.373104812129202,9.492419248516809,66.44693473961766,47.40625,0.10714285714285714,1.2575249574687148,0.0
8482073,Braden Schneider,D,80,1,0.5137211896879594,0.2767102229054574,0.6917755572636434,0.9684857801691007,4.381245196003075,975.75,0.06315789473684211,-0.40597999094174325,0.0
8482087,Kaiden Guhle,D,55,2,0.5137211896879594,3.4171808258186998,6.8343616516373995,10.251542477456098,40.43663977218795,114.92727272727272,0.08450704225352113,1.405673139582414,0.0
8482095,Tyler Kleven,D,79,1,0.5137211896879594,0.2621852411557999,0.39327786173369983,0.6554631028894998,5.112612202538098,695.2278481012659,0.05128205128205128,-0.4670685452521328,0.0
8482105,Jake Sanderson,D,80,1,0.5137211896879594,0.37148914613782624,1.5535000656672733,1.9249892118050995,6.58548940880692,1332.475,0.05641025641025641,-0.21931168837854895,0.0
8482111,Justin Barron,D,62,2,0.5137211896879594,1.6704044544118783,1.9488051968138582,3.619209651225737,20.323254195344525,208.56451612903226,0.0821917808219178,0.11132722323893968,0.0
8482122,Brock Faber,D,78,1,0.5137211896879594,0.33067264326851536,0.6282780222101793,0.9589506654786947,4.10034077652959,1395.7564102564102,0.08064516129032258,-0.4078408349441105,0.0
8482142,Jamie Drysdale,D,70,1,0.5137211896879594,0.3329149877799062,0.6182706915912544,0.9511856793711604,2.9962348900191556,1081.357142857143,0.1111111111111111,-0.40935622603229616,0.0
8482166,Shakir Mukhamadullin,D,30,1,0.5137211896879594,0.33407572383073497,1.1692650334075725,1.5033407572383073,5.011135857461024,718.4,0.06666666666666667,-0.30159931923184846,0.0
8482176,Wyatt Kaiser,D,57,1,0.5137211896879594,0.261219751115626,0.261219751115626,0.522439502231252,4.310125893407831,967.1228070175439,0.06060606060606061,-0.493029026850456,0.0
8482245,Artem Zub,D,56,1,0.5137211896879594,0.16451126445185757,0.9048119544852168,1.0693232189370745,4.688571036877941,781.5357142857143,0.03508771929824561,-0.38630086287270676,0.0
8482482,Adam Wilsby,D,23,1,0.5137211896879594,0.0,0.0,0.0,0.0,0.0,0.030303030303030304,-0.5949867322260293,0.0
8482511,Mason Lohrei,D,77,1,0.5137211896879594,0.22109762688547144,1.2381467105586403,1.4592443374441117,4.068196334692675,1057.2987012987012,0.05434782608695652,-0.31020504249414516,0.0
8482516,Matthew Kessel,D,29,1,0.5137211896879594,0.0,0.6517016654598118,0.6517016654598118,3.692976104272266,571.448275862069,0.0,-0.46780261594856154,0.0
8482624,Daniil Miromanov,D,44,1,0.5137211896879594,0.16535758577924764,0.5787515502273668,0.7441091360066143,4.299297230260438,989.5909090909091,0.038461538461538464,-0.44976865485589046,0.0
8482655,J.J. Moser,D,54,1,0.5137211896879594,0.13322231473771856,0.7993338884263114,0.9325562031640299,3.1973355537052455,1000.8333333333334,0.041666666666666664,-0.41299189798726077,0.0
8482671,Owen Power,D,79,1,0.5137211896879594,0.2747402505369428,1.2952040382455876,1.5699442887825303,5.455556403519293,1161.0506329113923,0.050359712230215826,-0.28860117644755195,0.0
8482684,Luke Hughes,D,71,1,0.5137211896879594,0.30952146998133045,1.636042055615604,1.9455635255969341,5.350299695391569,1146.7042253521126,0.05785123966942149,-0.2152964678316081,0.0
8482730,Brandt Clarke,D,78,1,0.5137211896879594,0.26035639898171714,1.4579958342976163,1.7183522332793333,6.821337653320991,886.3589743589744,0.03816793893129771,-0.25963833306420125,0.0
8482762,Simon Edvinsson,D,78,1,0.5137211896879594,0.2849228333992877,0.976878285940415,1.2618011193397025,3.5004805246198205,1133.9102564102564,0.08139534883720931,-0.3487374608390805,0.0
8482803,Olen Zellweger,D,62,1,0.5137211896879594,0.38639639363365935,0.7175933024625103,1.1039896960961697,7.1759330246251025,1051.9032258064517,0.05384615384615385,-0.3795354585541192,0.0
8482858,Ryker Evans,D,73,1,0.5137211896879594,0.40654078959255574,1.626163158370223,2.0327039479627786,4.797181317192158,606.5205479452055,0.0847457627118644,-0.19829040785349583,0.0
8482929,Emil Lilleberg,D,76,1,0.5137211896879594,0.057741350826824064,1.0393443148828332,1.0970856657096573,2.6561021380339076,820.3552631578947,0.021739130434782608,-0.3808828281405416,0.0
8482964,Arber Xhekaj,D,70,1,0.5137211896879594,0.06119222858696946,0.3059611429348473,0.36715337152181676,4.2222637725008925,840.4428571428572,0.014492753623188406,-0.5233341961498043,0.0
8483425,Lian Bichsel,D,38,1,0.5137211896879594,1.0147276442815867,1.2684095553519834,2.28313719963357,9.893594531745473,373.44736842105266,0.10256410256410256,-0.1494166156133463,0.0
8483457,Lane Hutson,D,82,1,0.5137211896879594,0.20962326041808194,2.0962326041808197,2.3058558645989016,3.17928611634091,1256.6097560975609,0.06593406593406594,-0.1449829100088334,0.0
8483490,Pavel Mintyukov,D,68,2,0.5137211896879594,1.5970188980569604,4.471652914559488,6.068671812616449,22.03886079318605,165.75,0.07246376811594203,0.589356813867299,0.0
8483495,Simon Nemec,D,27,1,0.5137211896879594,0.34732272069464537,0.34732272069464537,0.6946454413892907,4.51519536903039,767.7777777777778,0.07692307692307693,-0.4594218391596074,0.0
8483565,Nick Blankenburg,D,60,1,0.5137211896879594,0.238564636106095,0.715693908318285,0.95425854442438,5.009857358227994,1006.0166666666667,0.047619047619047616,-0.40875653502804205,0.0
8483678,Elias Pettersson,D,28,1,0.5137211896879594,0.24025627335824878,0.48051254671649757,0.7207688200747464,4.564869193806727,535.1428571428571,0.05263157894736842,-0.4543236799736137,0.0
8484258,Sam Malinski,D,76,1,0.5137211896879594,0.2772301626416954,0.5544603252833908,0.8316904879250863,6.376293740758994,854.3157894736842,0.043478260869565216,-0.4326765444064295,0.0
8484304,Uvis Balinskis,D,76,1,0.5137211896879594,0.2426530062011324,0.8492855217039633,1.0919385279050957,5.581019142626045,780.8421052631579,0.043478260869565216,-0.38188732791049324,0.0
8484321,Nikolas Matinpalo,D,41,1,0.5137211896879594,0.28571428571428575,0.8571428571428571,1.142857142857143,12.285714285714285,307.3170731707317,0.023255813953488372,-0.37195020577627314,0.0
