share_top_1,share_top_3,share_top_5,share_top_10,hhi,gini,team_id,bucket,total_seconds,num_units,pair_dd_share,pair_ff_share,trio_fwd_share,full_name,tri_code
0.012217338627660798,0.03252446767043016,0.04996051023094542,0.08919857877647702,0.0042927931702919095,-0.575607191618796,1,pairs_EV,2940002.0,516,0.07165845465411248,0.2155961118393797,,New Jersey Devils,NJD
0.017814822093611998,0.05038359601287898,0.07992119307512922,0.1401780012844696,0.006396215751839671,-0.5633402300008103,2,pairs_EV,3266718.0,357,0.06883820397108045,0.20944538218481057,,New York Islanders,NYI
0.018997684682085975,0.055426926782554155,0.0891533808454267,0.16033783471027258,0.007087217134912992,-0.6806401843718252,3,pairs_EV,3262187.0,458,0.068952515597665,0.21611881844909564,,New York Rangers,NYR
0.01970609018068657,0.046046073678430895,0.06826015661320659,0.1156706456785265,0.005283001719116712,-0.5860338070749445,4,pairs_EV,2970503.0,456,0.07043992212766659,0.2129672988042766,,Philadelphia Flyers,PHI
0.01797311985737222,0.04910460901697008,0.07868294058934946,0.14408336557214171,0.006854824122770284,-0.686165486984934,5,pairs_EV,2633989.0,490,0.0696502529053842,0.21202062726913437,,Pittsburgh Penguins,PIT
0.015449335511944969,0.04110220510685061,0.0642697754663937,0.11719723516736075,0.005468930343445508,-0.6268587898353849,6,pairs_EV,3186739.0,490,0.06996211487668115,0.20845039396072285,,Boston Bruins,BOS
0.018218648708969522,0.04709326016115553,0.07226923252672487,0.12548635744472905,0.005676349432486202,-0.5450585600153348,7,pairs_EV,2648001.0,384,0.06857927923743232,0.2134394964352355,,Buffalo Sabres,BUF
0.022035196890660264,0.0581121375725147,0.0849651611885895,0.1413737759694147,0.005649752924192925,-0.56064435924275,8,pairs_EV,2739617.0,422,0.0689224077672171,0.21127004249134093,,Montréal Canadiens,MTL
0.01586525739236988,0.04461508327416,0.06961219174810386,0.1255509565669511,0.005930296193109054,-0.619826746770495,9,pairs_EV,2792643.0,430,0.07246898368319904,0.21130162358740448,,Ottawa Senators,OTT
0.015213805938626543,0.042052241958241234,0.06295715811413491,0.11210516228522001,0.005025940651770268,-0.5796383569969507,10,pairs_EV,3172316.0,469,0.06979474932509876,0.21344122086198222,,Toronto Maple Leafs,TOR
0.022232095160321267,0.05521821783549968,0.08094362345117359,0.12974872410407529,0.00605331452027091,-0.6116954865232058,12,pairs_EV,3002596.0,418,0.07109581175755912,0.2138326301640314,,Carolina Hurricanes,CAR
0.016870922829028676,0.047571609592791324,0.07671073009714813,0.14191824538898362,0.006784606089768372,-0.6447333483985999,13,pairs_EV,3196150.0,411,0.06980836318695931,0.21619072947139528,,Florida Panthers,FLA
0.022333421272369567,0.05362448651159171,0.0832166266895094,0.15029328680061246,0.006674899268734233,-0.6224666811721525,14,pairs_EV,2801183.0,410,0.0689758577001217,0.21719037992162596,,Tampa Bay Lightning,TBL
0.01579336877744383,0.042781143755351796,0.06769149926595078,0.12201529196563728,0.006115540525183664,-0.6117943799662877,15,pairs_EV,2409239.0,409,0.0703537507071735,0.21619980417052853,,Washington Capitals,WSH
0.015684838936580618,0.04319892509627925,0.06660189617918347,0.1151447023437083,0.004696770827756811,-0.6041911212133891,16,pairs_EV,3166051.0,570,0.06937222426296986,0.21338380209289112,,Chicago Blackhawks,CHI
0.015020115950720172,0.040048284464118185,0.06249994204009589,0.11004468322207608,0.0053838636020585254,-0.5266978732195944,17,pairs_EV,3234995.0,367,0.06909067865638123,0.21137003302941734,,Detroit Red Wings,DET
0.01893077643671717,0.054611676422940125,0.08659085894772976,0.15595876882547577,0.006626986827255403,-0.6312117729250207,18,pairs_EV,3041291.0,440,0.0693669234545461,0.2131305422598495,,Nashville Predators,NSH
0.023718394590569562,0.05682471978203293,0.0868740101745773,0.15313174323361167,0.006938828089459637,-0.6426673693760718,19,pairs_EV,3260676.0,416,0.07084788553048509,0.2143552441272914,,St. Louis Blues,STL
0.01707098153028338,0.0446059063879743,0.07095251721925355,0.12589104464438688,0.005171324503826873,-0.625876573045504,20,pairs_EV,3274387.0,577,0.07047120575545895,0.2055135816261181,,Calgary Flames,CGY
0.02321718097971985,0.0607628683344985,0.09568491317470944,0.17852451710328107,0.007119637631620678,-0.6620596039909105,21,pairs_EV,3235578.0,517,0.06851727882931581,0.21043597156365879,,Colorado Avalanche,COL
0.02056310900143601,0.055681420390103195,0.08903949106421907,0.163532803425266,0.00762536648952224,-0.6498375457130569,22,pairs_EV,3213765.0,406,0.06882394947981572,0.21194486840201446,,Edmonton Oilers,EDM
0.022091430045466414,0.05457963351467144,0.08012855461421466,0.13626433949085345,0.005940604303634494,-0.6186191728637912,23,pairs_EV,3209842.0,457,0.07051530885320835,0.21202570095350487,,Vancouver Canucks,VAN
0.011957887352885856,0.03460357578649967,0.055648855115117676,0.10253461696273009,0.004843581974091473,-0.6132911038558017,24,pairs_EV,2987986.0,521,0.06985273692714758,0.21372389294996696,,Anaheim Ducks,ANA
0.016801471694013356,0.04731567456018287,0.07499924807091826,0.13810727480644733,0.006742961655602849,-0.5983264009397995,25,pairs_EV,3258286.0,351,0.06935057266305045,0.212453111850832,,Dallas Stars,DAL
0.02048557189411778,0.05593298829575403,0.0889640996030137,0.15656670139109172,0.007256571495109437,-0.6296686732352502,26,pairs_EV,3262833.0,387,0.0692720099373765,0.2143612621301795,,Los Angeles Kings,LAK
0.013016484843782785,0.03685488435570869,0.05859639904289515,0.10358455866146384,0.004447936156291136,-0.604653160962873,28,pairs_EV,2835635.0,575,0.07757803807612756,0.20798903949203618,,San Jose Sharks,SJS
0.012887803953803711,0.03334133956735077,0.05285358448028218,0.09601356530359735,0.004171151955663459,-0.5928167283973382,29,pairs_EV,3135057.0,581,0.0679684611794937,0.20955344671564186,,Columbus Blue Jackets,CBJ
0.014960284728942463,0.04197608640588163,0.06464074403621461,0.11844405764721928,0.005465599006103633,-0.6402209255656468,30,pairs_EV,3079420.0,522,0.0689256418416455,0.21574809542056622,,Minnesota Wild,MIN
0.021171549967007933,0.05605714062493849,0.08777767313718976,0.15789103926979578,0.007253130080305691,-0.6192823270565645,52,pairs_EV,3302309.0,367,0.06944110923599214,0.21098540445488292,,Winnipeg Jets,WPG
0.0190341080630387,0.04708053531762804,0.07107784254200075,0.12496579429815038,0.005720398032257801,-0.6486724541992789,53,pairs_EV,3113516.0,493,0.07106499533003845,0.21522677256195247,,Arizona Coyotes,ARI
0.012831863505186898,0.037368584144048214,0.05846091619523619,0.10646071486829761,0.004646365483183315,-0.62263886233522,54,pairs_EV,3298118.0,569,0.06964911504075962,0.21213795261418786,,Vegas Golden Knights,VGK
0.018686495608210882,0.048864707890242255,0.07608071001441803,0.13388156296506962,0.006295407692626078,-0.6037819770801408,55,pairs_EV,3231371.0,387,0.06777247180840579,0.209624645390455,,Seattle Kraken,SEA
0.003975755405958274,0.011370351063732806,0.017762720442128753,0.03191101733426042,0.0009137951087068247,-0.6620050184855686,1,trios_EV,3619941.0,3526,,,0.05970511674085296,New Jersey Devils,NJD
0.008316809681301949,0.02268198573589926,0.035689619981292504,0.061796908612742535,0.0017615483291385226,-0.7066582997078545,2,trios_EV,4086062.0,2376,,,0.05589171187319233,New York Islanders,NYI
0.012241641027163646,0.028158298106078884,0.043449215227081256,0.07508928980123045,0.002238209584522073,-0.7688660700949478,3,trios_EV,4041615.0,2650,,,0.0590031460195986,New York Rangers,NYR
0.0070451726627351495,0.015756866188594565,0.024106094833349277,0.043307467512381716,0.001252179191729135,-0.702568276946534,4,trios_EV,3669321.0,3335,,,0.05751500073174301,Philadelphia Flyers,PHI
0.007659548579424469,0.022285088519802883,0.0362727863645242,0.063768519674803,0.0019833414488513693,-0.7646125080048983,5,trios_EV,3123030.0,2973,,,0.05727386544477639,Pittsburgh Penguins,PIT
0.0061384493007392875,0.016513633233118247,0.026498461194397784,0.04803792755542115,0.0013322575072462787,-0.7110171800788919,6,trios_EV,3934870.0,3326,,,0.054517175916866376,Boston Bruins,BOS
0.006518015358281873,0.01703225100926795,0.0261276823336393,0.045120177282978714,0.0013455244710358016,-0.6711994198177799,7,trios_EV,3182257.0,2629,,,0.05800191499303796,Buffalo Sabres,BUF
0.012885686285673445,0.029337657130328078,0.04342108929157647,0.07101921360033628,0.0015656937074355465,-0.6660087479645476,8,trios_EV,3302036.0,2770,,,0.05806175341516567,Montréal Canadiens,MTL
0.005822850014898012,0.016289186004127477,0.02591689612773493,0.04726457353810103,0.0014592994077759747,-0.7096424161084525,9,trios_EV,3366221.0,2726,,,0.05712102681315338,Ottawa Senators,OTT
0.006077437650190433,0.016966339951857222,0.026117662343773818,0.04592412959880676,0.0012414301177376104,-0.6942592350396336,10,trios_EV,3910036.0,3337,,,0.05827567828019998,Toronto Maple Leafs,TOR
0.007165627533699559,0.019317088028581213,0.030699767170624476,0.055816452842296034,0.0017296479308614783,-0.7165451349158667,12,trios_EV,3690256.0,2469,,,0.05713695743601528,Carolina Hurricanes,CAR
0.00793546360490627,0.021698050205417277,0.03403100180806779,0.062308835787375186,0.0019466691376796522,-0.7541357113719804,13,trios_EV,4042990.0,2641,,,0.06309736111145464,Florida Panthers,FLA
0.01047883414295628,0.0275696378218361,0.04146147922358184,0.07129864691947985,0.0018582276140457377,-0.7246865450631116,14,trios_EV,3415170.0,2636,,,0.061568530995528774,Tampa Bay Lightning,TBL
0.007192024338284168,0.01872859081206225,0.029925143435538475,0.05173990403260708,0.001643442520089289,-0.7097594897580473,15,trios_EV,2802827.0,2557,,,0.06064983675410576,Washington Capitals,WSH
0.006483368733223535,0.016465452692747136,0.02531589041909224,0.045017445366987034,0.0011173664679983912,-0.7017062806421844,16,trios_EV,3941161.0,4094,,,0.05848505047116827,Chicago Blackhawks,CHI
0.005195764510599265,0.014094568519873112,0.02279096913769954,0.04187840268998076,0.0013246781046525396,-0.6676118882514093,17,trios_EV,4031553.0,2501,,,0.057692903950413155,Detroit Red Wings,DET
0.012318461061255694,0.0298878907127981,0.04555777827250581,0.07669227685051863,0.0019830822446589625,-0.7374806501830772,18,trios_EV,3746166.0,2970,,,0.057035112699223685,Nashville Predators,NSH
0.01033338679114402,0.025636186016831274,0.03894453603869929,0.06834072165159148,0.0019782658226511055,-0.7518394436743255,19,trios_EV,4159043.0,2814,,,0.0621503552620158,St. Louis Blues,STL
0.006902198602774445,0.019369828535626226,0.030525089211343906,0.05487016108057835,0.00140531867518109,-0.7397100875092879,20,trios_EV,4098694.0,4176,,,0.05347605847130818,Calgary Flames,CGY
0.012077087115652219,0.03415720297564845,0.054991150271534485,0.09763725746828177,0.002346939021285639,-0.7528174304156491,21,trios_EV,4037977.0,3476,,,0.05606644119072496,Colorado Avalanche,COL
0.01045818061768146,0.03013378302529218,0.04844744316658808,0.086750386303379,0.002469538225967356,-0.7571519150963429,22,trios_EV,4010449.0,2707,,,0.05657571010128791,Edmonton Oilers,EDM
0.00884181448359028,0.02317922493459183,0.03692249648150891,0.06380935974040235,0.0015882363703704776,-0.7257662356606847,23,trios_EV,3970452.0,3139,,,0.055745542321126156,Vancouver Canucks,VAN
0.005012197332980133,0.01388606920181565,0.02192914364625889,0.04049628543170525,0.00113490447313762,-0.7057515602418232,24,trios_EV,3684412.0,3528,,,0.058754286979849156,Anaheim Ducks,ANA
0.010648994538055031,0.02619216173702363,0.03839889687136521,0.06474969000370961,0.0021058612398053567,-0.7346179819817859,25,trios_EV,4059726.0,2133,,,0.05756595395846912,Dallas Stars,DAL
0.009821360512435914,0.026966325288614038,0.04249529734315256,0.07543233706677158,0.0023485102318614895,-0.7517281478634384,26,trios_EV,4066850.0,2514,,,0.058999963116416886,Los Angeles Kings,LAK
0.005013100000170388,0.0134333927608939,0.020563564108782538,0.03594846784238198,0.0009354829473458352,-0.6737976892397807,28,trios_EV,3521374.0,3972,,,0.059597475303674076,San Jose Sharks,SJS
0.004794977429691882,0.01322526076648133,0.02059393773475623,0.03559024496879792,0.0009361165741295028,-0.6854966353041319,29,trios_EV,3915764.0,4009,,,0.05698428199452265,Columbus Blue Jackets,CBJ
0.006414127817825507,0.01759740466504511,0.026939389465767415,0.04838963918623155,0.0013947814291583734,-0.7300817116601841,30,trios_EV,3800049.0,3532,,,0.059022396816462104,Minnesota Wild,MIN
0.010328305579907767,0.027848298003064736,0.04277297884069445,0.07333558372047277,0.0022719647917614685,-0.7542222527660837,52,trios_EV,4117810.0,2357,,,0.05551494605142054,Winnipeg Jets,WPG
0.007259290781614087,0.020992417912616572,0.03241770503033354,0.055440575844227284,0.00149264291678214,-0.7323232810578515,53,trios_EV,3853820.0,3140,,,0.06011463950054751,Arizona Coyotes,ARI
0.006525612011737395,0.015035101522626588,0.02340936535133748,0.04143961844955,0.0011429016708506597,-0.7119578816069213,54,trios_EV,4111645.0,3743,,,0.05642705048709215,Vegas Golden Knights,VGK
0.00786574208869454,0.02208027060042453,0.03291527749149587,0.0566378185675274,0.0017768735620473162,-0.7197300266814385,55,trios_EV,4021871.0,2412,,,0.056342930939356335,Seattle Kraken,SEA
0.026402270423254638,0.0699682317958287,0.10869729514199267,0.193254403636013,0.0077185860676842934,-0.6092981903592327,1,pairs_PP,383717.0,407,0.05315115045723802,0.37024682252806107,,New Jersey Devils,NJD
0.03300095732894468,0.0856406036550604,0.1298283261802575,0.2321361343272344,0.010059225800493298,-0.6166054428381508,2,pairs_PP,371868.0,323,0.05914733184893564,0.33137833855023824,,New York Islanders,NYI
0.04561143040813047,0.1178397324537572,0.17532850178695789,0.302030320887127,0.01386723258178947,-0.6623527613509935,3,pairs_PP,261338.0,296,0.04427599507151658,0.3864612111518417,,New York Rangers,NYR
0.020444879290203406,0.04776798483742739,0.07291240620296782,0.13202826141002302,0.006732983296137407,-0.6020483308770007,4,pairs_PP,374079.0,378,0.04317002558283144,0.3827052574456198,,Philadelphia Flyers,PHI
0.02599303505453517,0.07316728243384185,0.11218158355282928,0.19070515653449768,0.008896092165429196,-0.6454598937278601,5,pairs_PP,282845.0,357,0.044692322650214784,0.3821951952482809,,Pittsburgh Penguins,PIT
0.027040787463936188,0.07550189844563723,0.1180829858673118,0.20689896142877584,0.009116012455671276,-0.6315596120503117,6,pairs_PP,300509.0,354,0.05716634110792023,0.38888685530217065,,Boston Bruins,BOS
0.029169490540828378,0.07816741862401487,0.12426853590999748,0.2130279031040025,0.009755017193481243,-0.6283669421530551,7,pairs_PP,258215.0,313,0.038100032918304515,0.44433127432565883,,Buffalo Sabres,BUF
0.04126237127730408,0.10686650333240677,0.16662033834756582,0.2657715604455276,0.011462979892694937,-0.6314648056808335,8,pairs_PP,309386.0,351,0.04087127407187138,0.4049569146632362,,Montréal Canadiens,MTL
0.023163441506034273,0.0634677828037313,0.09961241765048143,0.17717815649693125,0.008352943277519747,-0.6267199588311936,9,pairs_PP,426232.0,335,0.060732183411850826,0.3328093620375758,,Ottawa Senators,OTT
0.02940552746258225,0.07586596216857178,0.11298652035089501,0.1898948927870586,0.007329744099046825,-0.5663958674355788,10,pairs_PP,334801.0,391,0.0513558800600954,0.3541775562199635,,Toronto Maple Leafs,TOR
0.02630311641745499,0.0622806682941715,0.09225520674397314,0.16092748703082088,0.00707273703422706,-0.5804819368060445,12,pairs_PP,419456.0,358,0.05464697131522734,0.3540490540128166,,Carolina Hurricanes,CAR
0.04340472086168861,0.09961025360506419,0.1529871560029222,0.2670032712786057,0.012647615527589712,-0.6711906770009726,13,pairs_PP,277873.0,309,0.046550042645381165,0.4161397472946274,,Florida Panthers,FLA
0.04896417481577606,0.12479028595263475,0.19965704222088335,0.3617277656764147,0.017013581606867098,-0.6688285387348422,14,pairs_PP,215770.0,284,0.033336423043055105,0.4559670019001715,,Tampa Bay Lightning,TBL
0.03151295498942502,0.08732061642832986,0.13323473441388325,0.22433105007849213,0.010353435065800881,-0.6163678765156991,15,pairs_PP,198109.0,296,0.037479367418946134,0.4192994765507877,,Washington Capitals,WSH
0.02206525899378779,0.05660311707916353,0.08867857362714424,0.16282362513683726,0.007068922237401496,-0.6369484156521132,16,pairs_PP,373619.0,465,0.048364778022530974,0.365875397129161,,Chicago Blackhawks,CHI
0.024075948418053682,0.0664205028240116,0.10552244214524917,0.19817126505722996,0.009446304086217397,-0.6035222342788132,17,pairs_PP,320112.0,296,0.0416760383865647,0.4242983705703004,,Detroit Red Wings,DET
0.033581447021247046,0.08731287321205389,0.1366921260935981,0.21540619358422441,0.008708142061075973,-0.5878874184523653,18,pairs_PP,360050.0,363,0.045685321483127345,0.3761366476878211,,Nashville Predators,NSH
0.0397567955598809,0.10564554205490408,0.1462502770256598,0.2408404878221126,0.01128585074717423,-0.6513154302489538,19,pairs_PP,311343.0,326,0.04267961701403276,0.41305890930581385,,St. Louis Blues,STL
0.02161877410913046,0.06309582476591839,0.10094992098152837,0.17896579264873316,0.007843666943579403,-0.6568046626283984,20,pairs_PP,294235.0,437,0.04904922935748636,0.39652998453617005,,Calgary Flames,CGY
0.05186034709429408,0.1314970289591567,0.20072008279753364,0.32079648669924754,0.01597729943379121,-0.7313183081145432,21,pairs_PP,250249.0,348,0.06669357320109172,0.3927008699335462,,Colorado Avalanche,COL
0.029755420020379217,0.08635326522641781,0.14086033188173006,0.25486649263088657,0.01134263563885755,-0.6724395461282213,22,pairs_PP,340543.0,336,0.06151939696308543,0.30727984424874394,,Edmonton Oilers,EDM
0.04426151530641222,0.11189441699324132,0.17045777247685578,0.2737654058045096,0.011935230967767706,-0.6539265977202593,23,pairs_PP,281712.0,363,0.050118560799681945,0.4092477423751917,,Vancouver Canucks,VAN
0.025462807812437163,0.07581871070657784,0.12470341425488278,0.23501990643306211,0.00999454223700796,-0.6398856941076535,24,pairs_PP,298396.0,380,0.036759876137749836,0.4354984651268784,,Anaheim Ducks,ANA
0.03492681366144986,0.10273341568833078,0.15241006863903922,0.25855914303404104,0.012721409866044846,-0.6576304264202523,25,pairs_PP,337563.0,273,0.04143522838699739,0.40747356789695555,,Dallas Stars,DAL
0.03948840131155579,0.1066405172677964,0.16155808537370148,0.28707903042932004,0.01444079271953346,-0.6923195663813386,26,pairs_PP,261064.0,288,0.03373119235130083,0.45517574234670427,,Los Angeles Kings,LAK
0.030923619769713428,0.08184209065072867,0.11909076683106093,0.18633424364339402,0.007265319283145325,-0.5913212354016317,28,pairs_PP,198101.0,442,0.044209771783080345,0.48681228262351023,,San Jose Sharks,SJS
0.02310382600956217,0.06414813377911156,0.0961266360099045,0.15966714971986717,0.006348745914395468,-0.5999676221230759,29,pairs_PP,350548.0,440,0.0554503234935016,0.3608863836050983,,Columbus Blue Jackets,CBJ
0.03557061051197044,0.08688558961120647,0.13352246668326498,0.2336135389776316,0.010269022324796973,-0.6680808340410158,30,pairs_PP,305252.0,372,0.03181305937389436,0.4250913998925478,,Minnesota Wild,MIN
0.029383900124734345,0.08338911628825704,0.13048821973728972,0.2283589569136114,0.011532587835620021,-0.6638005633367189,52,pairs_PP,273381.0,288,0.04813794667515299,0.39278150273793716,,Winnipeg Jets,WPG
0.03495611514043801,0.08776326071933711,0.13643056892086516,0.22473310642805014,0.010323371286971026,-0.639326195662075,53,pairs_PP,309674.0,317,0.03440069234097793,0.4148330179479065,,Arizona Coyotes,ARI
0.03157619952118762,0.0738896121070149,0.11385018049921515,0.1963130759745412,0.00849829860481663,-0.6502792121339811,54,pairs_PP,291137.0,413,0.036889849108838794,0.4244462229122372,,Vegas Golden Knights,VGK
0.024546598611208708,0.06581107583413719,0.10047655855729243,0.17689202051884834,0.008140604344676594,-0.5568404846816382,55,pairs_PP,313078.0,285,0.03588562594624982,0.426305904598854,,Seattle Kraken,SEA
0.01303591091535538,0.038326288495009415,0.06113786401855169,0.10588569601818634,0.0026318234456932203,-0.6291766265346743,1,trios_PP,394142.0,1771,,,0.17644148555596714,New Jersey Devils,NJD
0.018192546473270715,0.051345047980202604,0.08044345762660135,0.1465678831485593,0.004149545414489858,-0.676357514848209,2,trios_PP,393183.0,1420,,,0.13942362716597614,New York Islanders,NYI
0.028459361825313337,0.07727246780993387,0.12235486948650831,0.22293710399491157,0.00719493179121609,-0.7087963044735802,3,trios_PP,245262.0,1036,,,0.1965612284006491,New York Rangers,NYR
0.006610477607007106,0.018936919779755673,0.030193094149464996,0.05670320791788318,0.0019006607568432426,-0.6130678100000504,4,trios_PP,381213.0,1606,,,0.18692961677592318,Philadelphia Flyers,PHI
0.014596763942106888,0.03552036609947882,0.055169157571685404,0.09681297328708664,0.00300874710333312,-0.6255559600078312,5,trios_PP,275335.0,1206,,,0.18532696533313964,Pittsburgh Penguins,PIT
0.01817013320869362,0.049266767936433746,0.07356420892731946,0.12127906637064735,0.0033796524462326705,-0.6357783863479921,6,trios_PP,273856.0,1393,,,0.1885406929189063,Boston Bruins,BOS
0.01990697136436491,0.04862522513590773,0.07158495679042945,0.11885110461177481,0.0038767214037282705,-0.6462872441261873,7,trios_PP,242076.0,1100,,,0.2470009418529718,Buffalo Sabres,BUF
0.02898494987565059,0.07534676819731816,0.10934415301387072,0.16692946696407968,0.005136352821145744,-0.6699965911236758,8,trios_PP,312024.0,1468,,,0.20575340358433966,Montréal Canadiens,MTL
0.012165315221660082,0.0348210779217779,0.054489800632984496,0.09033659066232357,0.002762439816678999,-0.6549242114638809,9,trios_PP,432870.0,1405,,,0.14109778917457896,Ottawa Senators,OTT
0.01568588540914995,0.04199740222254294,0.06427995862798865,0.10689673834608168,0.0024960389052026133,-0.6097027122786272,10,trios_PP,332592.0,1767,,,0.15914393611391736,Toronto Maple Leafs,TOR
0.0142311843279433,0.03248036554427505,0.048400510192163036,0.08438027070086013,0.0023370021952546062,-0.6202375364353897,12,trios_PP,428074.0,1488,,,0.16372169297831685,Carolina Hurricanes,CAR
0.023429383364908636,0.06839745156756095,0.10571487502291756,0.18029624763185234,0.005888362818860687,-0.6910000300074741,13,trios_PP,261808.0,1057,,,0.2143517386787264,Florida Panthers,FLA
0.03796377514119077,0.10467865954685585,0.16362741024575658,0.2865569969581788,0.010219517491701378,-0.7047868097441868,14,trios_PP,194949.0,986,,,0.2553129279965529,Tampa Bay Lightning,TBL
0.02020510316200708,0.049339075038012895,0.07583711612523723,0.12544810823409286,0.004009986116855209,-0.6332289251725639,15,trios_PP,180202.0,1044,,,0.21970899324091853,Washington Capitals,WSH
0.012248076407368443,0.033278668234420446,0.05113249582276131,0.08837954081316914,0.0023051571335473784,-0.6445710467658416,16,trios_PP,387816.0,1861,,,0.17039266043690823,Chicago Blackhawks,CHI
0.015488161424777044,0.04076765081722632,0.0640868675109889,0.11164187891803652,0.003422529328991834,-0.6474522623941567,17,trios_PP,298938.0,1232,,,0.22922144391144653,Detroit Red Wings,DET
0.023007865653313864,0.061218789065524984,0.08654707776044605,0.125640259754627,0.0033820699401375903,-0.6389916341192438,18,trios_PP,361572.0,1571,,,0.18325810626929076,Nashville Predators,NSH
0.029684901801255725,0.06361606057561092,0.0940853854207522,0.15483603289390516,0.0048110108357053765,-0.6707990536989655,19,trios_PP,308507.0,1257,,,0.21759635923982276,St. Louis Blues,STL
0.01050635994873913,0.030424667351557067,0.04808707287022033,0.08951941170032868,0.0027604459873527038,-0.6530203930709783,20,trios_PP,283257.0,1508,,,0.1922918056747053,Calgary Flames,CGY
0.03947241786604838,0.09791766918937836,0.14796797760181984,0.22214445076337547,0.008388306977552714,-0.722453839492141,21,trios_PP,228590.0,997,,,0.20779124196159063,Colorado Avalanche,COL
0.02056493446570041,0.06068249631570558,0.09667252984488212,0.1725508180951289,0.005018706445701201,-0.6899397306725592,22,trios_PP,357599.0,1226,,,0.1189656570627994,Edmonton Oilers,EDM
0.03136801095488823,0.08314528727651449,0.12195799340392292,0.19917066867249128,0.006034633315797727,-0.6730473628090361,23,trios_PP,259245.0,1400,,,0.21536384501147562,Vancouver Canucks,VAN
0.018979747284508394,0.0559062594559626,0.09125025650657179,0.17000733869649448,0.0047724667978260365,-0.663767503278368,24,trios_PP,287517.0,1387,,,0.2334296754626683,Anaheim Ducks,ANA
0.029851792977698816,0.06739153303099724,0.10229557249053252,0.1795110804619197,0.006107841630498955,-0.7208478222995236,25,trios_PP,342224.0,1082,,,0.21036221889756418,Dallas Stars,DAL
0.02634302950904518,0.07401521951850684,0.11663310609185085,0.20265330713182433,0.00752325965500247,-0.7231600919656439,26,trios_PP,247314.0,961,,,0.2544538521879069,Los Angeles Kings,LAK
0.020309991696650983,0.04576805978411293,0.0670412399667866,0.1072183780791586,0.002578365773134181,-0.5599511876812421,28,trios_PP,180650.0,1538,,,0.30360365347356766,San Jose Sharks,SJS
0.014787051854347399,0.03101715376624835,0.04577332322636795,0.07456132962744602,0.001970895484389162,-0.6007641918680682,29,trios_PP,356190.0,1681,,,0.16433925713804431,Columbus Blue Jackets,CBJ
0.021905410003402518,0.056634909833276625,0.08760122490643076,0.1474617216740388,0.00426743206917658,-0.6658816840251259,30,trios_PP,293900.0,1292,,,0.23216400136100715,Minnesota Wild,MIN
0.020299125128851868,0.05678921911047844,0.08618821246115564,0.15234161131857468,0.005497990316843421,-0.7003549283242317,52,trios_PP,264839.0,967,,,0.19206008178553763,Winnipeg Jets,WPG
0.02233160928227338,0.05767575134232819,0.08109502434920907,0.13214621355012127,0.004454636936510362,-0.6814057570775643,53,trios_PP,304322.0,1269,,,0.21761160875651447,Arizona Coyotes,ARI
0.016029833000054044,0.04106361130627466,0.062000756634059344,0.10435785187987534,0.0031550200663573035,-0.6378272963396298,54,trios_PP,277545.0,1363,,,0.22363220378677331,Vegas Golden Knights,VGK
0.014320191502720804,0.03644961280870657,0.05586804102134785,0.09828576287149435,0.0028508303212252516,-0.6159460900771097,55,trios_PP,305792.0,1210,,,0.22881239535370448,Seattle Kraken,SEA
0.030141306325429072,0.08209008025552389,0.1262609416378596,0.20921018052439,0.008657322996185612,-0.6136778814854521,1,pairs_SH,197868.0,372,0.1075666606020175,0.224078678715103,,New Jersey Devils,NJD
0.04347759654685053,0.11149394552885901,0.16539210817831085,0.28198938080140573,0.015453482076644053,-0.681049696321479,2,pairs_SH,130895.0,235,0.1344207188968257,0.18924328660376638,,New York Islanders,NYI
0.04821798756179238,0.11027613884016371,0.1616767660660182,0.2789826184021687,0.016631712195336008,-0.6838332171754007,3,pairs_SH,150504.0,197,0.13802290969010791,0.1605804496890448,,New York Rangers,NYR
0.04476236926245055,0.11236408960356287,0.1600281796997778,0.2510604336323732,0.01289640700512237,-0.6647373138252239,4,pairs_SH,202983.0,302,0.1143051388539927,0.23446791110585616,,Philadelphia Flyers,PHI
0.032381006254176226,0.0858543897670505,0.1289831041785251,0.22149117379821884,0.010051377201541905,-0.6603149334986065,5,pairs_SH,282851.0,349,0.1344594857363064,0.21052073353108172,,Pittsburgh Penguins,PIT
0.03464932348519511,0.09914373488463299,0.1490751029479051,0.2581868095953984,0.013237891350495253,-0.6579784789204512,6,pairs_SH,152990.0,251,0.15277469115628473,0.1605921955683378,,Boston Bruins,BOS
0.015900824388378525,0.04432310332867929,0.07090747937546873,0.13134187661742866,0.006259241084747735,-0.5349925931435443,7,pairs_SH,337341.0,330,0.07606842927482874,0.30613237050936587,,Buffalo Sabres,BUF
0.028873773308017055,0.08350199261376677,0.13354337499391436,0.22518622071066413,0.009518916718678421,-0.6222802759553965,8,pairs_SH,287562.0,336,0.1553925762096522,0.15441887314735606,,Montréal Canadiens,MTL
0.05052985598785971,0.10802704905846103,0.15760331807252387,0.24859397189481833,0.011514866439590633,-0.6264997567393583,9,pairs_SH,195053.0,312,0.15567051006649474,0.1607358000133297,,Ottawa Senators,OTT
0.03960653761319578,0.0937898154617566,0.1386913813653364,0.2244324798268327,0.010380476982329249,-0.6174816306586476,10,pairs_SH,145986.0,300,0.15331607140410725,0.1627553327031359,,Toronto Maple Leafs,TOR
0.05843205031265378,0.14136031397400353,0.19940229719511757,0.31049340486563687,0.01798426925657764,-0.7096886470924612,12,pairs_SH,166638.0,248,0.159249390895234,0.162381929691907,,Carolina Hurricanes,CAR
0.050478965738455346,0.13627961595755092,0.20791788537441963,0.3350422424947537,0.018999620401244505,-0.7042110327924175,13,pairs_SH,183938.0,219,0.15830877795779014,0.16035838162859226,,Florida Panthers,FLA
0.02727272727272727,0.07514988741488293,0.11118797645207672,0.18501668430048018,0.008071029811743315,-0.604013982808113,14,pairs_SH,368610.0,345,0.1166598844306991,0.2523778519302244,,Tampa Bay Lightning,TBL
0.021425318354735583,0.06367317961815291,0.09619626368523512,0.15779098426532837,0.007164839350354966,-0.5762718542270959,15,pairs_SH,447928.0,341,0.13803557714632708,0.21058964833633978,,Washington Capitals,WSH
0.03385877600316515,0.0898944255877392,0.1345744053196732,0.22064427461841202,0.009583957319200042,-0.6086996816655201,16,pairs_SH,144069.0,338,0.1465339524811028,0.18226683047706307,,Chicago Blackhawks,CHI
0.059536616535381906,0.14118105745001913,0.21557655790849295,0.35048338303141446,0.01975592704958065,-0.6960359984377639,17,pairs_SH,138503.0,203,0.17123816812632217,0.15600384107203455,,Detroit Red Wings,DET
0.03703724941511079,0.09104775448415064,0.13848112298729298,0.23910500481673472,0.011367089851970491,-0.6427420377336371,18,pairs_SH,174392.0,288,0.12686935180512868,0.21835290609660993,,Nashville Predators,NSH
0.0732828691535911,0.14199674871273374,0.20219569311858604,0.31276094444882085,0.017412348453524126,-0.6611985374393162,19,pairs_SH,139637.0,232,0.15813860223293252,0.16956823764475032,,St. Louis Blues,STL
0.04381000118348962,0.11645537896033917,0.17466914503317252,0.30469288444268083,0.015356947903549285,-0.703479977728776,20,pairs_SH,143643.0,313,0.1610729377693309,0.17426536622042146,,Calgary Flames,CGY
0.05477238344106725,0.11273667079264658,0.15999060193462614,0.24571929583276028,0.011708287880814962,-0.6439777815705126,21,pairs_SH,174504.0,332,0.15721129601613718,0.15965823132994086,,Colorado Avalanche,COL
0.0473834624666582,0.11353359583386256,0.15986282230407722,0.26900165121300645,0.014888450316047838,-0.6752429844441669,22,pairs_SH,157460.0,242,0.15830687158643464,0.15874507811507685,,Edmonton Oilers,EDM
0.022759922437173466,0.0596731280881794,0.09520128326536922,0.17889698445522423,0.009987286401459903,-0.605524767597405,23,pairs_SH,155229.0,241,0.15484864297264042,0.14935353574396537,,Vancouver Canucks,VAN
0.032318993551585184,0.08121840426304747,0.12383605898868003,0.21410531983539235,0.010066232646948633,-0.6557915481563249,24,pairs_SH,234011.0,328,0.12169086068603613,0.203913491246138,,Anaheim Ducks,ANA
0.05576464393024192,0.12391971006412043,0.18405972183502153,0.3036892482111328,0.017173954483931993,-0.6832966107852836,25,pairs_SH,129132.0,214,0.15196078431372548,0.17585881113898957,,Dallas Stars,DAL
0.055542234204939554,0.15092960283530327,0.225724762701258,0.33974512682250696,0.02130342000632913,-0.7276197869417202,26,pairs_SH,170987.0,204,0.15290636130232124,0.16390719762321113,,Los Angeles Kings,LAK
0.023591314393569592,0.06269728920563637,0.09269338409971037,0.15487609424322302,0.00695106377554047,-0.6304698225105251,28,pairs_SH,491664.0,432,0.12222778157440854,0.25765360083308925,,San Jose Sharks,SJS
0.046110728029005496,0.10215872945258803,0.1494372400293614,0.24900460439975977,0.01153649353036344,-0.6682152026837205,29,pairs_SH,179828.0,346,0.14821940965811775,0.18789065106657474,,Columbus Blue Jackets,CBJ
0.0340311284894296,0.09483406489277117,0.14336205112565759,0.2399061135133369,0.011069793638931307,-0.6252962350900552,30,pairs_SH,183626.0,297,0.12763987670591312,0.2164236001437705,,Minnesota Wild,MIN
0.034256533665656806,0.09792799180650752,0.15299771527613645,0.2748042944214062,0.0150332314414699,-0.661244828757896,52,pairs_SH,139623.0,226,0.15067001854995238,0.1653452511405714,,Winnipeg Jets,WPG
0.026155385265937147,0.07575366907662001,0.12092740230406666,0.21413690322713724,0.010219155700503886,-0.6026398104710099,53,pairs_SH,193918.0,266,0.14433420311678133,0.1968873441351499,,Arizona Coyotes,ARI
0.040611481441569036,0.10724017426913189,0.16179164678171715,0.27910771741305784,0.014254545811699928,-0.6911916274682413,54,pairs_SH,129914.0,275,0.15325523038317657,0.158135381868005,,Vegas Golden Knights,VGK
0.050362941403373426,0.12395413262264614,0.1907353508433566,0.3409685450783743,0.01877034271871532,-0.6964540569442909,55,pairs_SH,142585.0,234,0.15830557211487883,0.1636988463022057,,Seattle Kraken,SEA
0.02221477921531667,0.05362859568634477,0.08137370212567084,0.13832828333969452,0.003758068883953832,-0.58572588709398,1,trios_SH,128383.0,1091,,,0.04466323422883092,New Jersey Devils,NJD
0.02579583511988226,0.07043445007126882,0.11018274946982953,0.19401341939670658,0.00785262815189063,-0.6440766341506015,2,trios_SH,86293.0,541,,,0.015818200781059878,New York Islanders,NYI
0.028399889402377847,0.07696409527195165,0.11561401429869257,0.196666271675159,0.008194983021535693,-0.6614858173924002,3,trios_SH,101268.0,483,,,0.0004739898092191018,New York Rangers,NYR
0.022773808982117668,0.06304318150794012,0.10044592073531419,0.184344238673765,0.00694060628968317,-0.6539961759827064,4,trios_SH,131862.0,841,,,0.05024191958259392,Philadelphia Flyers,PHI
0.01961401300608349,0.04799780901102487,0.07519870405332961,0.13226347807845606,0.004391426832722282,-0.6474127519564775,5,trios_SH,171612.0,996,,,0.026571568421788688,Pittsburgh Penguins,PIT
0.025995215358898132,0.06925717946408015,0.09950652132568591,0.16198712751368827,0.0058490168894254945,-0.6275590627506382,6,trios_SH,99903.0,696,,,0.0013413010620301692,Boston Bruins,BOS
0.010008405407019205,0.027691911977475347,0.04211889746781372,0.0721073687401535,0.0021047413150145156,-0.5622929715588993,7,trios_SH,217717.0,1260,,,0.1037677351791546,Buffalo Sabres,BUF
0.02158090128173861,0.06155597105926348,0.0926049372679728,0.13546324147088312,0.004066877591013177,-0.6161031522852054,8,trios_SH,184515.0,1091,,,0.00842207950573124,Montréal Canadiens,MTL
0.03342708173840166,0.08727466133724444,0.1207017430756461,0.1767654382670782,0.005920831857195512,-0.6124144325624002,9,trios_SH,124091.0,863,,,0.006430764519586432,Ottawa Senators,OTT
0.02471844848171932,0.0646250820183506,0.09296847268385557,0.13791990706379684,0.004363672386295277,-0.5696153074739024,10,trios_SH,92967.0,814,,,0.004539245108479353,Toronto Maple Leafs,TOR
0.028168265996246594,0.08184023228639213,0.1326351758082221,0.24390956410891965,0.010469772456721966,-0.6838140800376556,12,trios_SH,112964.0,594,,,0.006276335823802273,Carolina Hurricanes,CAR
0.03396560051738394,0.08775060784426089,0.13741782846102837,0.2554828780300115,0.011205976160794764,-0.7099508777125195,13,trios_SH,122153.0,575,,,0.003471056789436199,Florida Panthers,FLA
0.01385389511090398,0.04036744680541194,0.06318541281330556,0.10868298792653977,0.002949376230469459,-0.6295997683449813,14,trios_SH,274652.0,1338,,,0.07127929161265893,Tampa Bay Lightning,TBL
0.016034038741462323,0.03906137530591679,0.05365260649103444,0.08485691891805429,0.0024242868146943704,-0.6108950057891945,15,trios_SH,312585.0,1391,,,0.04401682742294096,Washington Capitals,WSH
0.027494066222036064,0.06448217718636896,0.09371610228651824,0.15582476828731298,0.004749609901033607,-0.5741204941772007,16,trios_SH,93111.0,885,,,0.013542975588276359,Chicago Blackhawks,CHI
0.04453287429299591,0.12603116406966086,0.1787462833381771,0.2675884733182804,0.01177601566167899,-0.6606865976430244,17,trios_SH,89462.0,482,,,0.0012854619838590688,Detroit Red Wings,DET
0.027610721146078307,0.06991544441053445,0.09915085363445415,0.16166992801105864,0.005438781369260614,-0.6147025740704039,18,trios_SH,111406.0,755,,,0.039109204172127175,Nashville Predators,NSH
0.04503796217260434,0.12024349701244441,0.17975874926995822,0.260254279167977,0.011027513622150185,-0.6488175718083631,19,trios_SH,89036.0,544,,,0.0007412731928658071,St. Louis Blues,STL
0.030353015225341565,0.08778174478290594,0.14301837241858295,0.2356184006337562,0.008526841188277524,-0.6465779751081262,20,trios_SH,92149.0,687,,,0.014465702286514233,Calgary Flames,CGY
0.030645528997071358,0.06721849078442033,0.0981095347491363,0.1636006523683426,0.005082660380349456,-0.5957791862438123,21,trios_SH,114046.0,901,,,0.0,Colorado Avalanche,COL
0.027210237590439338,0.07187609929550014,0.1129671708768694,0.199522727488805,0.008345210896722122,-0.6684529186795,22,trios_SH,105181.0,646,,,0.0010458162595906105,Edmonton Oilers,EDM
0.012416235879762589,0.0337545471950986,0.05172314761631246,0.09231284702278383,0.003609460709818635,-0.5642335811176687,23,trios_SH,104460.0,687,,,0.0006031016657093624,Vancouver Canucks,VAN
0.01739259884132045,0.04715974643029935,0.07473731221079533,0.1369015866714635,0.0044692368755938254,-0.6368695346424299,24,trios_SH,161218.0,956,,,0.034282772395141985,Anaheim Ducks,ANA
0.02930496350542257,0.08370070803123596,0.13214558968193246,0.21942896005635104,0.008875583699500443,-0.6419586811290348,25,trios_SH,82341.0,506,,,0.0021010189334596373,Dallas Stars,DAL
0.0254296114450182,0.07546770507068484,0.1248624396850927,0.24571235079996614,0.013006886161748164,-0.7243792134785634,26,trios_SH,118130.0,467,,,0.0008126640142216202,Los Angeles Kings,LAK
0.011839517345399697,0.03084162895927602,0.04671131221719457,0.07870165912518853,0.0023307964068439765,-0.6515422395589535,28,trios_SH,414375.0,1740,,,0.0755764705882353,San Jose Sharks,SJS
0.02102797833174669,0.056529541108181196,0.08706897277988862,0.14496331055863992,0.004638459339106016,-0.6131202301763375,29,trios_SH,118699.0,823,,,0.02067414215789518,Columbus Blue Jackets,CBJ
0.023768955529050947,0.05494973590049412,0.08273981939001533,0.13785994206849547,0.004654546251068474,-0.5983453269156425,30,trios_SH,117380.0,807,,,0.03749361049582552,Minnesota Wild,MIN
0.028566670367491952,0.06674808482291551,0.10164316642611303,0.17579660264238925,0.006956853032495149,-0.6240276114433199,52,trios_SH,90070.0,563,,,0.00252026201843011,Winnipeg Jets,WPG
0.013485155245540663,0.039916059526800364,0.06475830168324294,0.11389599066014452,0.0037028612835695116,-0.6009389820036073,53,trios_SH,135334.0,882,,,0.029711676297161097,Arizona Coyotes,ARI
0.02419640119802844,0.0686625946277386,0.10955592764662878,0.19805202462089946,0.0069991730527894785,-0.6173609276233459,54,trios_SH,84806.0,628,,,0.0,Vegas Golden Knights,VGK
0.03730628988149499,0.09490656335460347,0.14744758432087512,0.26117821330902463,0.010733362213096296,-0.665109389243391,55,trios_SH,87760.0,540,,,0.004250227894257065,Seattle Kraken,SEA
